Lake,namedLocation,Date,pH,DIC,DOC,TOC,TN,NIT,AMM,TDN,TP,FRP,TDP
BARC,BARC.AOS.buoy.c0,2016-10-12T04:00:00Z,5.6,0.2633,1.621,1.76,0.1638,0.004,0.09,0.1301,0.067,0.074,0.003
BARC,BARC.AOS.inlet,2016-10-12T04:00:00Z,5.29,0.2653,1.563,1.94,0.2067,0.001,0.02,0.1346,0.033,0.02,0.011
BARC,BARC.AOS.outlet,2016-10-12T04:00:00Z,5.33,0.2128,1.72,1.94,0.1615,0,0.07,0.1263,0.067,0.022,0.039
BARC,BARC.AOS.buoy.c0,2016-11-02T04:00:00Z,5.17,0.3691,2.182,1.79,0.1478,0.004,0.1,0.1139,0.017,0.356,0.014
BARC,BARC.AOS.inlet,2016-11-02T04:00:00Z,5.23,0.4576,1.761,1.72,0.1514,0.003,0.11,0.1341,0.016,0.409,0.014
BARC,BARC.AOS.outlet,2016-11-02T04:00:00Z,5.52,0.407,1.723,1.89,0.1402,0.004,0.09,0.1217,0.009,0.449,0.006
BARC,BARC.AOS.inlet,2016-12-13T05:00:00Z,5.24,0.2733,2.094,1.77,0.2053,0.008,0.07,0.2058,0.001,0.055,0
BARC,BARC.AOS.outlet,2016-12-13T05:00:00Z,5.04,0.2206,8.057,1.85,0.1569,0.017,0.06,0.1374,0.001,0.055,0
BARC,BARC.AOS.buoy.c0,2016-12-13T05:00:00Z,5.46,0.3842,1.655,1.76,0.2058,0.008,0.05,0.1994,0.003,0.058,0.001
BARC,BARC.AOS.buoy.c0,2017-02-01T05:00:00Z,4.98,0.2524,2.217,2.31,0.1228,-0.003,0.07,0.153,0.001,0.03,5e-4
BARC,BARC.AOS.inlet,2017-02-01T05:00:00Z,4.95,0.2263,2.493,1.67,0.1165,-0.004,0.07,0.1257,0.002,0.036,5e-4
BARC,BARC.AOS.outlet,2017-02-01T05:00:00Z,5.31,0.2113,1.786,1.97,0.1633,-0.003,0.06,0.1777,0.002,0.03,5e-4
BARC,BARC.AOS.buoy.c0,2017-03-09T05:00:00Z,5.04,0.3524,1.366,1.41,0.0276,0.004,0.02,0.1192,0.007,0.021,0.0055
BARC,BARC.AOS.inlet,2017-03-09T05:00:00Z,5.53,0.3656,1.277,1.42,0.0276,0.001,0.04,0.1309,0.019,0.023,0.015
BARC,BARC.AOS.outlet,2017-03-09T05:00:00Z,5.03,0.2778,1.417,1.41,0.1687,-0.003,0.01,0.0276,0.009,0.022,0.007
BARC,BARC.AOS.buoy.c0,2017-04-05T04:00:00Z,5.46,0.3656,2.222,1.58,0.1359,0.043,0.07,0.2105,0.005,0.024,0.003
BARC,BARC.AOS.inlet,2017-04-05T04:00:00Z,4.94,0.2502,1.601,1.41,0.1437,-0.003,0.03,0.0077,0.007,0.023,0.005
BARC,BARC.AOS.outlet,2017-04-05T04:00:00Z,5.01,0.232,1.404,1.37,0.1832,0.008,0.02,0.1556,0.005,0.022,0.004
BARC,BARC.AOS.buoy.c0,2017-05-02T04:00:00Z,5.05,0.2947,1.25,1.59,0.1277,0.008,0.08,0.1786,0.005,0.015,0.0035
BARC,BARC.AOS.inlet,2017-05-02T04:00:00Z,5.4,0.2455,1.178,1.51,0.0934,0.004,0.04,0.1937,0.016,0.014,0.013
BARC,BARC.AOS.outlet,2017-05-02T04:00:00Z,4.92,0.2454,1.246,1.49,0.1136,0.004,0.05,0.1781,0.012,0.015,0.009
BARC,BARC.AOS.buoy.c0,2017-06-08T04:00:00Z,7.17,0.3908,1.674,1.72,0.149,0.023,0.02,0.1124,0.013,0.001,0.011
BARC,BARC.AOS.buoy.c0,2017-06-08T04:00:00Z,7.19,0.2659,1.613,1.88,0.1372,0.026,0.07,0.1094,0.013,0.003,0.012
BARC,BARC.AOS.buoy.c0,2017-06-08T04:00:00Z,7.18,0.2592,1.504,1.79,0.1589,0.031,0.18,0.1064,0.014,0.002,0.011
BARC,BARC.AOS.inlet,2017-06-08T04:00:00Z,5.57,0.2426,1.513,1.51,0.1313,0.031,0.07,0.1246,0.008,0.002,0.006
BARC,BARC.AOS.outlet,2017-06-08T04:00:00Z,6.29,0.2332,1.549,2.02,0.1275,0.032,-0.01,0.1253,0.001,0.002,5e-4
BARC,BARC.AOS.buoy.c0,2017-06-27T04:00:00Z,5.45,0.3996,1.949,0.22,1.97,0.011,0.15,0.127,0.005,0.024,5e-4
BARC,BARC.AOS.inlet,2017-06-27T04:00:00Z,8.58,0.386,1.848,0.17,1.849,0.013,0.1,0.0944,0.0252,0.023,0.001
BARC,BARC.AOS.outlet,2017-06-27T04:00:00Z,5.28,0.2287,1.79,0.18,1.983,0.017,0.09,0.0948,0.0494,0.023,5e-4
BARC,BARC.AOS.buoy.c0,2017-08-02T04:00:00Z,5.32,0.5083,2.341,2.04,0.161,0.0483,0.05,0.1499,0.004,0.036,0.003
BARC,BARC.AOS.inlet,2017-08-02T04:00:00Z,5.96,0.597,1.642,1.85,0.1749,0.0459,0.04,0.1052,0.004,0.081,0.003
BARC,BARC.AOS.outlet,2017-08-02T04:00:00Z,5.56,0.6168,1.674,2,0.1567,0.0493,0.04,0.1035,5e-4,0.035,0.017
BARC,BARC.AOS.buoy.c0,2017-09-05T04:00:00Z,5.7,0.8118,2.01,2.22,0.21,0.0213,0.02,0.1491,0.005,0.023,0.0016
BARC,BARC.AOS.buoy.c0,2017-09-05T04:00:00Z,5.61,0.7188,1.983,2.18,0.171,0.019,0.01,0.1612,0.007,0.023,0.003
BARC,BARC.AOS.buoy.c0,2017-09-05T04:00:00Z,5.62,0.6141,2.157,2.36,0.1729,0.0195,0.02,0.1431,0.006,0.026,0.0032
BARC,BARC.AOS.inlet,2017-09-05T04:00:00Z,5.66,0.715,1.871,2.28,0.2017,0.019,0.02,0.144,0.016,0.023,0.0155
BARC,BARC.AOS.outlet,2017-09-05T04:00:00Z,5.54,0.6414,2.062,2.33,0.2019,0.0179,0.01,0.1624,0.012,0.024,0.0078
BARC,BARC.AOS.buoy.c0,2017-10-10T04:00:00Z,5.26,0.5084,2.491,2.57,0.2291,0.0233,0.14,0.191,0.028,0.007,0.006
BARC,BARC.AOS.inlet,2017-10-10T04:00:00Z,5.25,0.4928,2.382,2.52,0.2004,0.0202,0.14,0.195,0.03,0.009,0.002
BARC,BARC.AOS.outlet,2017-10-10T04:00:00Z,5.26,0.478,2.464,2.66,0.2502,0.0206,0.12,0.1776,0.032,0.007,0.004
BARC,BARC.AOS.buoy.c0,2017-11-07T05:00:00Z,5.34,0.8077,2.339,2.4,0.1224,0.0111,0.13,0.1019,0.004,0.009,0.002
BARC,BARC.AOS.inlet,2017-11-07T05:00:00Z,5.28,0.7155,2.308,2.36,0.1168,0.0742,0.12,0.108,0.004,0.01,0.003
BARC,BARC.AOS.outlet,2017-11-07T05:00:00Z,5.39,0.6717,2.376,2.5,0.1372,0.0141,0.12,0.0895,0.002,0.014,0.001
BARC,BARC.AOS.buoy.c0,2017-12-05T05:00:00Z,5.19,0.3997,2.576,2.25,-0.1011,0.0113,0.11,-0.1281,0.006,0.009,0.004
BARC,BARC.AOS.inlet,2017-12-05T05:00:00Z,5.16,0.2582,2.263,2.14,-0.1152,0.0074,0.1,-0.1389,0.015,0.009,0.013
BARC,BARC.AOS.outlet,2017-12-05T05:00:00Z,5.41,0.3265,2.51,2.27,-0.143,0.0101,0.11,-0.1245,0.012,0.008,0.01
BARC,BARC.AOS.buoy.c0,2018-01-04T05:00:00Z,6.37,0.3643,2.204,2.19,0.1209,0.0118,0.09,0.115,0.021,0.07,0.018
BARC,BARC.AOS.buoy.c0,2018-02-06T05:00:00Z,5.43,0.3022,2.196,2.35,0.1584,0.0172,0.1,0.1256,0.001,0.022,0.001
BARC,BARC.AOS.buoy.c0,2018-03-05T05:00:00Z,4.94,0.4388,2.259,2.18,0.1666,0.0379,0.04,0.1638,0.001,0.009,5e-4
BARC,BARC.AOS.buoy.c0,2018-04-02T04:00:00Z,4.76,0.2103,6.992,6.99,1.086,0.0938,0.02,1.077,0.0221,0.063,0.0113
BARC,BARC.AOS.buoy.c0,2018-04-30T04:00:00Z,4.76,0.3404,2.469,2.35,0.188,-0.0059,0.03,0.1864,0.0203,0.02,5e-4
BARC,BARC.AOS.buoy.c0,2018-06-05T04:00:00Z,5.6,0.3768,2.865,2.6,0.1587,0.0082,0.04,0.1483,0.0195,0.041,5e-4
BARC,BARC.AOS.buoy.c0,2018-06-05T04:00:00Z,5.32,0.3756,2.713,2.81,0.1767,0.0198,0.03,0.1537,0.022,0.019,5e-4
BARC,BARC.AOS.buoy.c0,2018-06-05T04:00:00Z,5.68,0.4162,2.639,2.82,0.1736,0.0071,0.02,0.1398,0.021,0.014,5e-4
BARC,BARC.AOS.buoy.c0,2018-07-31T04:00:00Z,5.71,0.6104,2.909,3.08,0.2458,0.0176,0.02,0.1876,0.009,0.012,5e-4
BARC,BARC.AOS.buoy.c0,2018-07-31T04:00:00Z,5.67,0.6838,2.669,2.69,0.1945,0.0153,0.02,0.1807,0.007,0.011,5e-4
BARC,BARC.AOS.buoy.c0,2018-07-31T04:00:00Z,5.73,0.6421,2.73,2.82,0.2139,0.0168,0.02,0.1954,0.004,0.01,5e-4
SUGG,SUGG.AOS.buoy.c0,2016-10-11T04:00:00Z,5.05,0.369,31.13,33.03,1.18,0.003,0.09,1.106,0.05,0.167,0.024
SUGG,SUGG.AOS.inlet,2016-10-11T04:00:00Z,5.04,0.378,31.35,33.13,1.22,0.001,0.05,1.132,0.034,0.16,0.022
SUGG,SUGG.AOS.outlet,2016-10-11T04:00:00Z,5.1,0.4803,31.8,32.9,1.18,-0.005,0.04,1.108,0.039,0.133,0.002
SUGG,SUGG.AOS.buoy.c0,2016-10-31T04:00:00Z,5.16,0.569,33.86,35.91,1.204,0.002,0.25,1.138,5e-4,0.068,5e-4
SUGG,SUGG.AOS.inlet,2016-10-31T04:00:00Z,4.99,0.7703,33.87,35.57,1.238,-0.002,0.2,1.218,0.019,0.074,0.017
SUGG,SUGG.AOS.outlet,2016-10-31T04:00:00Z,5.05,0.67490000000000006,34.39,35.48,1.208,-0.001,0.14,1.172,0.01,0.072,0.009
SUGG,SUGG.AOS.buoy.c0,2016-12-05T05:00:00Z,4.98,0.5452,36.33,38.87,1.256,0.008,0.06,1.171,0.003,0.104,0.002
SUGG,SUGG.AOS.inlet,2016-12-05T05:00:00Z,4.97,0.5446,40.39,42.33,1.27,0.006,0.06,1.149,0.002,0.081,0.001
SUGG,SUGG.AOS.outlet,2016-12-05T05:00:00Z,4.98,0.5221,38.36,37.72,1.249,0.003,0.06,1.201,0.004,0.156,0.002
SUGG,SUGG.AOS.buoy.c0,2017-01-31T05:00:00Z,5.16,0.4229,36.84,37.29,1.234,0.009,0.08,1.236,0.001,0.044,5e-4
SUGG,SUGG.AOS.inlet,2017-01-31T05:00:00Z,5.17,0.3977,38.2,38.57,1.218,0.001,0.06,1.25,0.006,0.044,5e-4
SUGG,SUGG.AOS.outlet,2017-01-31T05:00:00Z,5.25,0.3539,38.55,39.26,1.26,0.01,0.09,1.239,0.004,0.043,5e-4
SUGG,SUGG.AOS.buoy.c0,2017-02-28T05:00:00Z,5.84,0.523,31.8,35.19,1.341,0.008,0.08,1.202,0.0205,0.043,0.01
SUGG,SUGG.AOS.inlet,2017-02-28T05:00:00Z,5.33,0.3256,34.56,35.48,1.284,0.004,0.1,1.201,0.014,0.044,0.0125
SUGG,SUGG.AOS.outlet,2017-02-28T05:00:00Z,5.27,0.301,34.93,35.53,1.294,0.004,0.14,1.21,0.018,0.044,0.0105
SUGG,SUGG.AOS.buoy.c0,2017-04-03T04:00:00Z,5.02,0.6128,35.29,35.26,1.338,0.002,0,1.259,0.014,0.037,0.012
SUGG,SUGG.AOS.inlet,2017-04-03T04:00:00Z,5.04,0.3783,38.03,36.77,1.428,-0.002,0,1.421,0.021,0.037,0.019
SUGG,SUGG.AOS.outlet,2017-04-03T04:00:00Z,5.08,0.3789,37.17,36.84,1.41,-0.002,0.01,1.41,0.017,0.037,0.016
SUGG,SUGG.AOS.buoy.c0,2017-05-01T04:00:00Z,5.02,0.3493,37.24,38.35,1.526,0.015,0.07,1.417,0.019,0.03,0.013
SUGG,SUGG.AOS.inlet,2017-05-01T04:00:00Z,5.02,0.5638,37.03,38.9,1.559,0.005,0.06,1.301,0.006,0.031,0.004
SUGG,SUGG.AOS.outlet,2017-05-01T04:00:00Z,5.23,0.5648,36.5,39.01,1.451,0.003,0.08,1.303,0.008,0.031,0.0055
SUGG,SUGG.AOS.buoy.c0,2017-06-06T04:00:00Z,5.05,0.4572,33.69,35.16,1.331,0.011,0.08,1.295,0.043,0.014,0.006
SUGG,SUGG.AOS.buoy.c0,2017-06-06T04:00:00Z,4.99,0.6224,35.15,35.29,1.355,0.012,0.09,1.264,0.042,0.012,0.005
SUGG,SUGG.AOS.buoy.c0,2017-06-06T04:00:00Z,5.23,0.5041,35.11,34.04,1.318,0.02,0.14,1.317,0.041,0.016,0.005
SUGG,SUGG.AOS.inlet,2017-06-06T04:00:00Z,5.07,0.3733,34.81,35.25,1.336,0.009,0.07,1.217,0.037,0.014,0.009
SUGG,SUGG.AOS.outlet,2017-06-06T04:00:00Z,5.68,0.4975,35.7,35.54,1.338,0.008,0.06,1.32,0.028,0.013,0.006
SUGG,SUGG.AOS.buoy.c0,2017-06-26T04:00:00Z,4.93,0.8803,39.27,42.12,1.605,0.013,0.18,1.483,0.021,0.04,0.0012
SUGG,SUGG.AOS.inlet,2017-06-26T04:00:00Z,5.79,0.8968,39.91,41.49,1.542,0.005,0.12,1.398,0.031,0.038,5e-4
SUGG,SUGG.AOS.outlet,2017-06-26T04:00:00Z,4.98,1.008,40.51,42.18,1.576,0.014,0.17,1.47,0.004,0.042,0.0029
SUGG,SUGG.AOS.buoy.c0,2017-08-01T04:00:00Z,4.66,0.986,49.19,48.76,1.813,0.057,0.28,1.865,0.1063,0.088,0.0812
SUGG,SUGG.AOS.inlet,2017-08-01T04:00:00Z,4.66,1.142,47.82,50.05,1.851,0.0537,0.29,1.8206,0.106,0.102,0.105
SUGG,SUGG.AOS.outlet,2017-08-01T04:00:00Z,4.66,1.271,46.46,49.92,1.831,0.0536,0.18,1.825,0.105,0.097,0.104
SUGG,SUGG.AOS.buoy.c0,2017-09-04T04:00:00Z,4.59,0.8383,46.9,50.06,1.9592,0.0228,0.34,2.087,0.057,0.092,0.0547
SUGG,SUGG.AOS.buoy.c0,2017-09-04T04:00:00Z,4.6,0.9816,49,50.06,2.02,0.0217,0.35,2.004,0.059,0.093,0.055
SUGG,SUGG.AOS.buoy.c0,2017-09-04T04:00:00Z,4.58,0.9059,48.76,48.8,1.8636,0.0243,0.37,2,0.063,0.093,0.057
SUGG,SUGG.AOS.inlet,2017-09-04T04:00:00Z,4.56,1.17,47.27,50.2,1.8316,0.0233,0.25,1.948,0.068,0.077,0.0601
SUGG,SUGG.AOS.outlet,2017-09-04T04:00:00Z,4.61,0.7741,48.32,49.24,2.063,0.0246,0.35,1.982,0.062,0.095,0.0555
SUGG,SUGG.AOS.buoy.c0,2017-10-03T04:00:00Z,4.76,1.555,5.298,5.36,0.0474,0.0488,1.27,0.0256,0.219,0.157,0.151
SUGG,SUGG.AOS.inlet,2017-10-03T04:00:00Z,4.69,1.543,5.556,5.83,0.0559,0.0305,1.17,0.0352,0.236,0.167,0.14
SUGG,SUGG.AOS.outlet,2017-10-03T04:00:00Z,4.66,1.999,4.898,5.63,0.0796,0.0313,1.2,0.0312,0.225,0.166,0.151
SUGG,SUGG.AOS.buoy.c0,2017-11-06T05:00:00Z,4.79,0.6057,68.25,71.19,3.404,0.0284,1.47,3.478,0.131,0.182,0.129
SUGG,SUGG.AOS.inlet,2017-11-06T05:00:00Z,4.82,0.6593,71.85,70.65,3.507,0.022,0.11,3.725,0.132,0.036,0.128
SUGG,SUGG.AOS.outlet,2017-11-06T05:00:00Z,4.82,0.724,69.91,70.21,3.63,0.0298,0.14,3.505,0.134,0.02,0.13
SUGG,SUGG.AOS.buoy.c0,2017-12-04T05:00:00Z,4.72,0.5348,59.76,58.21,0.9339,0.0208,1.33,0.8069,0.135,0.164,0.126
SUGG,SUGG.AOS.inlet,2017-12-04T05:00:00Z,4.68,0.4855,60.89,65.27,1.359,0.0214,1.47,0.9324,0.133,0.156,0.124
SUGG,SUGG.AOS.outlet,2017-12-04T05:00:00Z,4.74,0.4693,60.36,63.02,0.9919,0.0206,1.36,0.7274,0.134,0.162,0.126
SUGG,SUGG.AOS.buoy.c0,2018-01-03T05:00:00Z,4.99,0.4394,5.948,5.93,0.3721,0.0277,1.46,0.3643,0.142,0.178,0.134
SUGG,SUGG.AOS.buoy.c0,2018-02-05T05:00:00Z,4.98,0.4621,75.83,72.66,3.633,0.0456,1.52,3.385,0.108,0.182,0.005
SUGG,SUGG.AOS.buoy.c0,2018-03-05T05:00:00Z,4.67,0.9217,75.64,76.83,4.472,0.0045,1.37,4.433,0.002,0.182,0.001
SUGG,SUGG.AOS.buoy.c0,2018-04-02T04:00:00Z,4.49,1.102,65.23,75.99,4.671,0.0177,1.16,3.959,0.1105,0.18,0.1084
SUGG,SUGG.AOS.buoy.c0,2018-04-30T04:00:00Z,4.18,1.614,54.84,58.5,3.06,0.0058,1.14,2.923,0.1705,0.021,0.06
SUGG,SUGG.AOS.buoy.c0,2018-06-04T04:00:00Z,4.78,0.633,48.91,57.57,3.054,0.0164,1.11,2.973,0.179,0.137,0.118
SUGG,SUGG.AOS.buoy.c0,2018-06-04T04:00:00Z,4.7,0.7962,54.66,60.02,3.359,0.0203,1.08,2.951,0.184,0.13,0.116
SUGG,SUGG.AOS.buoy.c0,2018-06-04T04:00:00Z,4.72,0.7535,54.15,59.23,3.052,0.018,1.09,2.897,0.176,0.128,0.1112
SUGG,SUGG.AOS.buoy.c0,2018-07-09T04:00:00Z,4.54,0.5874,50.19,52.78,2.874,0.002,1.02,2.324,0.301,0.148,0.124
SUGG,SUGG.AOS.buoy.c0,2018-07-30T04:00:00Z,4.68,1.191,49.87,52.54,2.806,0.0217,1.23,2.396,0.189,0.194,0.157
SUGG,SUGG.AOS.buoy.c0,2018-07-30T04:00:00Z,4.67,1.231,50.85,53.06,2.616,0.0123,1.22,2.581,0.211,0.183,0.175
CRAM,CRAM.AOS.outlet,2015-05-05T04:00:00Z,5.85,0.2947,4.166,4.4,0.3106,0.007,0.02,0.2249,0.024,0.023,5e-4
CRAM,CRAM.AOS.inlet,2015-05-05T04:00:00Z,5.19,0.3793,4.123,4.72,0.3038,0.005,0.03,0.2566,5e-4,0.022,5e-4
CRAM,CRAM.AOS.buoy.c1,2015-05-05T04:00:00Z,6.19,0.3038,4.205,4.5,0.3034,0.014,0.03,0.2283,5e-4,0.021,5e-4
CRAM,CRAM.AOS.buoy.c2,2015-05-05T04:00:00Z,5.73,0.3625,4.095,4.45,0.3118,0.004,0.03,0.2399,0.007,0.021,5e-4
CRAM,CRAM.AOS.outlet,2015-06-02T04:00:00Z,5.88,0.2143,4.348,4.72,0.262,0.002,0.05,0.2421,5e-4,0.019,5e-4
CRAM,CRAM.AOS.inlet,2015-06-02T04:00:00Z,5.82,0.3182,4.313,4.65,0.2558,-0.001,0.04,0.2792,5e-4,0.017,5e-4
CRAM,CRAM.AOS.buoy.c1,2015-06-02T04:00:00Z,6.07,0.2352,4.3,4.75,0.2485,0.002,0.06,0.2346,5e-4,0.017,5e-4
CRAM,CRAM.AOS.buoy.c2,2015-06-02T04:00:00Z,6.11,0.4403,4.381,4.57,0.3417,0.027,0.06,0.2983,0.0827,0.016,5e-4
CRAM,CRAM.AOS.outlet,2015-06-29T04:00:00Z,5.13,NA,NA,4.48,0.2907,NA,NA,NA,0.008,NA,NA
CRAM,CRAM.AOS.inlet,2015-06-29T04:00:00Z,5.09,0.466,4.825,4.93,0.3165,-0.001,0.03,0.2588,0.009,0.212,5e-4
CRAM,CRAM.AOS.outlet,2016-10-18T04:00:00Z,6.35,0.5183,4.113,4.3,0.2402,0.01,0.04,0.2134,5e-4,0.089,5e-4
CRAM,CRAM.AOS.inlet,2016-10-18T04:00:00Z,6.6,0.3982,4.31,4.41,0.2628,0.002,0.03,0.1796,0.005,0.079,0.002
CRAM,CRAM.AOS.buoy.c1,2016-10-18T04:00:00Z,6.23,0.3979,4.203,4.39,0.2539,0.019,0,0.2221,0.006,0.122,0.006
CRAM,CRAM.AOS.buoy.c2,2016-10-18T04:00:00Z,6.02,2.182,3.99,4,0.4397,0.003,0.23,0.4511,0.019,0.082,0.018
CRAM,CRAM.AOS.outlet,2016-11-08T05:00:00Z,6.36,0.5443,4.232,4.59,0.259,0.011,0.14,0.208,0.032,0.044,0.033
CRAM,CRAM.AOS.inlet,2016-11-08T05:00:00Z,6.23,0.6394,4.182,4.5,0.2431,0.011,0.17,0.2078,0.008,0.064,0.007
CRAM,CRAM.AOS.buoy.c1,2016-11-08T05:00:00Z,6.19,0.6023,4.14,4.46,0.2764,0.033,0.17,0.1922,0.019,0.248,0.017
CRAM,CRAM.AOS.buoy.c2,2016-11-08T05:00:00Z,6.38,2.236,4.383,4.14,0.551,0.009,0.46,0.5785,0.039,0.097,0.032
CRAM,CRAM.AOS.outlet,2016-11-21T05:00:00Z,6.4,0.54990000000000006,4.32,4.59,0.267,0.007,0.13,0.2446,0.005,0.132,0.003
CRAM,CRAM.AOS.inlet,2016-11-21T05:00:00Z,6.17,0.5812,4.248,4.52,0.2541,0.009,0.12,0.2643,0.041,0.294,0.034
CRAM,CRAM.AOS.buoy.c0,2016-11-21T05:00:00Z,5.84,2.196,4.501,4.72,0.277,0.012,0.13,0.2457,0.011,0.171,0.008
CRAM,CRAM.AOS.buoy.c0,2017-02-07T05:00:00Z,6.36,0.6812,4.444,4.87,0.3169,0.025,-0.08,0.2608,0.003,0.032,0.001
CRAM,CRAM.AOS.buoy.c0,2017-03-08T05:00:00Z,5.32,0.509,3.737,3.58,0.467,0.089,0.16,0.4539,0.001,0.049,5e-4
CRAM,CRAM.AOS.outlet,2017-04-18T04:00:00Z,6.16,0.5857,4.103,4.38,0.3238,0.059,0.02,0.2796,0.033,0.019,0.025
CRAM,CRAM.AOS.inlet,2017-04-18T04:00:00Z,6.34,0.5774,4.234,4.56,0.3252,0.055,0.05,0.2608,0.005,0.018,0.004
CRAM,CRAM.AOS.buoy.c1,2017-04-18T04:00:00Z,6.3,0.771,4.082,4.36,0.3052,0.061,0.04,0.3123,0.004,0.017,0.002
CRAM,CRAM.AOS.buoy.c2,2017-04-18T04:00:00Z,6.18,0.9977,3.889,4.34,0.3449,0.068,0.05,0.2838,0.008,0.019,0.006
CRAM,CRAM.AOS.outlet,2017-05-02T04:00:00Z,5.71,0.5624,1.417,4.41,0.3324,0.009,0.04,0.538,0.006,0.016,0.0045
CRAM,CRAM.AOS.inlet,2017-05-02T04:00:00Z,6.63,0.5262,3.916,4.56,0.3327,0.006,0.04,0.3073,0.008,0.015,0.006
CRAM,CRAM.AOS.buoy.c1,2017-05-02T04:00:00Z,4.72,0.711,4.074,4.72,0.3447,0.004,0.05,0.8474,0.021,0.014,0.019
CRAM,CRAM.AOS.buoy.c2,2017-05-02T04:00:00Z,5.77,1.343,3.715,4.27,0.343,0.047,0.07,0.3112,0.006,0.015,0.004
CRAM,CRAM.AOS.outlet,2017-06-06T04:00:00Z,6.74,0.519,4.536,5.07,0.285,-0.004,0.06,0.1996,0.011,0.001,0.01
CRAM,CRAM.AOS.inlet,2017-06-06T04:00:00Z,6.49,0.4775,4.652,4.99,0.2857,-0.005,0.05,0.1997,0.066,0.003,0.006
CRAM,CRAM.AOS.buoy.c1,2017-06-06T04:00:00Z,6.92,0.5901,4.381,5.16,0.2952,0.02,0.09,0.1954,0.015,0.002,0.013
CRAM,CRAM.AOS.buoy.c2,2017-06-06T04:00:00Z,6.33,0.969,3.905,4.53,0.406,0.029,0.08,0.2713,0.012,0.002,0.006
CRAM,CRAM.AOS.outlet,2017-07-11T04:00:00Z,6.95,0.6016,4.511,4.88,0.3234,-0.001,0.08,0.2384,0.072,0.023,0.0643
CRAM,CRAM.AOS.inlet,2017-07-11T04:00:00Z,6.77,0.6108,4.309,4.78,0.2829,0.002,0.12,0.2244,0.003,0.023,0.001
CRAM,CRAM.AOS.buoy.c1,2017-07-11T04:00:00Z,6.47,0.8039,4.731,4.89,0.3196,0.003,0.08,0.28,0.037,0.023,0.002
CRAM,CRAM.AOS.buoy.c1,2017-07-11T04:00:00Z,6.56,0.6825,4.389,4.95,0.3393,0.005,0.09,0.2383,0.0383,0.024,0.003
CRAM,CRAM.AOS.buoy.c1,2017-07-11T04:00:00Z,6.59,0.8348,4.42,4.81,0.3537,0.012,0.12,0.2329,0.042,0.024,0.002
CRAM,CRAM.AOS.buoy.c2,2017-07-11T04:00:00Z,6.68,1.166,3.681,4.18,0.4306,0.03,0.2,0.3686,0.0193,0.028,0.003
CRAM,CRAM.AOS.buoy.c2,2017-07-11T04:00:00Z,6.25,1.709,3.626,4.23,0.4235,0.027,0.2,0.3511,0.0309,0.027,0.002
CRAM,CRAM.AOS.buoy.c2,2017-07-11T04:00:00Z,6.82,1.876,3.751,4.14,0.4314,0.021,0.2,0.3252,0.0117,0.026,5e-4
CRAM,CRAM.AOS.outlet,2017-08-01T04:00:00Z,6.75,0.7193,4.344,4.89,0.2622,0.0454,0.04,0.2119,0.0187,0.034,0.003
CRAM,CRAM.AOS.inlet,2017-08-01T04:00:00Z,6.37,0.7203,4.623,5.13,0.3139,0.0476,0.03,0.2131,0.0154,0.036,0.001
CRAM,CRAM.AOS.buoy.c1,2017-08-01T04:00:00Z,6.28,0.7853,4.55,4.86,0.2747,0.0461,0.02,0.2229,0.0069,0.037,0.002
CRAM,CRAM.AOS.buoy.c2,2017-08-01T04:00:00Z,6.26,1.695,3.892,4.2,0.4425,0.0972,0.19,0.3743,0.029,0.039,0.0273
CRAM,CRAM.AOS.outlet,2017-08-29T04:00:00Z,6.24,0.761,4.442,4.89,0.3057,0.0813,0.07,0.2245,0.003,0.031,0.0016
CRAM,CRAM.AOS.inlet,2017-08-29T04:00:00Z,6.23,0.6815,4.416,5.03,0.2869,0.0243,0.06,0.2171,0.019,0.028,0.0162
CRAM,CRAM.AOS.buoy.c1,2017-08-29T04:00:00Z,6.41,0.706,4.792,5.17,0.3306,0.0275,0.08,0.2842,0.024,0.028,0.0201
CRAM,CRAM.AOS.buoy.c1,2017-08-29T04:00:00Z,6.29,0.6605,4.299,4.77,0.2916,0.0229,0.08,0.2542,0.026,0.032,0.021
CRAM,CRAM.AOS.buoy.c1,2017-08-29T04:00:00Z,6.35,0.7749,4.588,5.1,0.3157,0.0283,0.11,0.2526,0.02,0.03,0.019
CRAM,CRAM.AOS.buoy.c2,2017-08-29T04:00:00Z,6.12,2.11,4.16,4.91,0.528,0.0229,0.33,0.4693,0.025,0.036,0.0224
CRAM,CRAM.AOS.buoy.c2,2017-08-29T04:00:00Z,6.1,2.14,4.367,4.85,0.5433,0.0229,0.35,0.5041,0.029,0.035,0.0255
CRAM,CRAM.AOS.buoy.c2,2017-08-29T04:00:00Z,6.12,2.173,4.442,4.98,0.5565,0.0243,0.33,0.5239,0.028,0.035,0.024
CRAM,CRAM.AOS.outlet,2017-10-03T04:00:00Z,6.17,0.6555,4.735,5.04,0.3364,0.028,0.11,0.3165,0.029,0.006,0.002
CRAM,CRAM.AOS.inlet,2017-10-03T04:00:00Z,5.89,0.6929,4.246,5.02,0.2945,0.0199,0.1,0.261,0.038,0.005,0.002
CRAM,CRAM.AOS.buoy.c1,2017-10-03T04:00:00Z,6.07,0.7165,4.364,4.57,0.327,0.0203,0.11,0.2874,0.024,0.005,0.002
CRAM,CRAM.AOS.buoy.c2,2017-10-03T04:00:00Z,6,1.498,4.424,4.82,0.5677,0.0201,0.31,0.4674,0.072,0.012,0.012
CRAM,CRAM.AOS.outlet,2017-10-16T04:00:00Z,6.37,0.7242,4.354,4.61,0.293,0.0078,0.14,0.2353,0.038,0.018,0.005
CRAM,CRAM.AOS.inlet,2017-10-16T04:00:00Z,5.99,0.645,4.236,4.56,0.313,0.0117,0.12,0.2333,0.034,0.018,0.007
CRAM,CRAM.AOS.buoy.c1,2017-10-16T04:00:00Z,5.86,0.5849,4.077,4.52,0.3103,0.011,0.11,0.2486,0.03,0.018,0.005
CRAM,CRAM.AOS.buoy.c2,2017-10-16T04:00:00Z,6.51,2.062,4.44,4.79,0.7126,0.0125,0.6,0.715,0.078,0.03,0.038
CRAM,CRAM.AOS.outlet,2017-11-07T05:00:00Z,6.52,0.8304,4.313,4.49,0.2233,0.0171,0.11,0.1743,0.004,0.026,0.003
CRAM,CRAM.AOS.inlet,2017-11-07T05:00:00Z,6.24,0.904,4.359,4.53,0.2472,0.7019,0.11,0.195,0.004,0.015,0.003
CRAM,CRAM.AOS.buoy.c0,2017-11-07T05:00:00Z,6.37,0.7702,4.057,4.25,0.23,0.025,0.15,0.1554,0.003,0.011,0.002
CRAM,CRAM.AOS.buoy.c0,2018-02-13T05:00:00Z,5.88,0.7751,4.844,4.76,0.256,0.035,0.16,0.2592,5e-4,0.049,5e-4
CRAM,CRAM.AOS.buoy.c0,2018-03-05T05:00:00Z,5.48,0.6914,4.907,5.12,0.2805,0.026,0.04,0.2524,0.042,0.007,5e-4
CRAM,CRAM.AOS.buoy.c1,2018-05-07T04:00:00Z,5.95,0.7591,3.944,4.14,0.5357,0.0736,0.13,0.4862,0.015,0.022,0.0062
CRAM,CRAM.AOS.buoy.c2,2018-05-07T04:00:00Z,6.01,0.9529,3.841,4.06,0.5175,0.0812,0.16,0.4895,0.2312,0.019,5e-4
CRAM,CRAM.AOS.buoy.c2,2018-05-22T04:00:00Z,5.96,1.18,3.661,3.85,0.4902,0.0798,0.01,0.4872,0.0481,0.033,0.005
CRAM,CRAM.AOS.buoy.c1,2018-05-22T04:00:00Z,6.74,0.6391,4.078,4.08,0.4827,0.003,0.01,0.4491,0.0536,0.029,0.0104
CRAM,CRAM.AOS.buoy.c2,2018-06-05T04:00:00Z,6,1.32,3.84,4.03,0.3424,0.0439,0.05,0.2397,0.0186,0.013,5e-4
CRAM,CRAM.AOS.buoy.c1,2018-06-05T04:00:00Z,7.18,0.6144,4.12,4.15,0.2203,0.0047,0,0.1912,0.02,0.012,5e-4
CRAM,CRAM.AOS.buoy.c1,2018-07-10T04:00:00Z,6.26,0.7021,4.721,4.45,0.2968,0.0015,0.01,0.2506,0.025,0.013,5e-4
CRAM,CRAM.AOS.buoy.c2,2018-07-10T04:00:00Z,6.23,1.716,3.931,3.99,0.3426,0.0084,0.11,0.2706,0.043,0.02,5e-4
CRAM,CRAM.AOS.buoy.c1,2018-08-07T04:00:00Z,6.52,0.6149,4.453,4.65,0.2927,0.0217,0.03,0.2515,0.0021,0.014,5e-4
CRAM,CRAM.AOS.buoy.c2,2018-08-07T04:00:00Z,6.03,2.234,4.377,4.39,0.5037,0.0378,0.32,0.5649,0.032,0.016,0.0196
LIRO,LIRO.AOS.outlet,2017-04-11T04:00:00Z,6.27,1.268,3.119,4.43,0.3155,0.025,0.07,0.3064,0.009,0.017,0.007
LIRO,LIRO.AOS.inlet,2017-04-11T04:00:00Z,6.52,1.375,2.949,3.02,0.3297,0.023,0.04,0.3084,0.002,0.023,0.001
LIRO,LIRO.AOS.buoy.c0,2017-04-11T04:00:00Z,6.25,1.341,2.997,2.95,0.37,0.017,0.07,0.3387,0.005,0.017,0.004
LIRO,LIRO.AOS.inlet,2017-05-01T04:00:00Z,6.63,0.8918,2.84,3.24,0.2602,0.003,0.04,0.2811,0.006,0.018,0.003
LIRO,LIRO.AOS.buoy.c1,2017-05-01T04:00:00Z,6.65,0.7145,2.866,3.11,0.2726,0.006,0.05,0.2927,0.005,0.018,0.0035
LIRO,LIRO.AOS.outlet,2017-05-01T04:00:00Z,6.42,0.8548,2.979,3.41,0.3413,0.011,0.08,0.3676,0.004,0.018,0.0025
LIRO,LIRO.AOS.outlet,2017-06-05T04:00:00Z,6.25,0.7058,4.418,4.38,0.2915,0.013,0.07,0.2206,0.037,0.004,0.009
LIRO,LIRO.AOS.inlet,2017-06-05T04:00:00Z,8.93,0.6703,4.232,4.4,0.286,0.012,0.07,0.2109,0.023,0.004,0.022
LIRO,LIRO.AOS.buoy.c1,2017-06-05T04:00:00Z,6.91,0.7326,4.374,4.33,0.278,0.011,0.07,0.2261,0.026,0.002,0.018
LIRO,LIRO.AOS.inlet,2017-07-10T04:00:00Z,6.8,0.4054,4.26,4.91,0.3353,0.001,-0.01,0.2373,0.015,0.024,0.0139
LIRO,LIRO.AOS.buoy.c1,2017-07-10T04:00:00Z,6.56,0.5758,4.278,4.79,0.3183,0,0.02,0.2789,0.0037,0.023,0.001
LIRO,LIRO.AOS.outlet,2017-07-10T04:00:00Z,6.8,0.4785,4.416,4.47,0.3328,0.004,-0.01,0.2648,0.004,0.023,5e-4
LIRO,LIRO.AOS.inlet,2017-07-31T04:00:00Z,6.59,0.9136,4.596,4.91,0.3077,0.045,0.02,0.257,0.0807,0.035,0.0089
LIRO,LIRO.AOS.buoy.c1,2017-07-31T04:00:00Z,6.52,1.124,4.863,5.04,0.3136,0.0469,0.03,0.3499,0.0119,0.035,0.0066
LIRO,LIRO.AOS.outlet,2017-07-31T04:00:00Z,6.64,52.26,4.734,4.91,0.3216,0.0447,0.03,0.2742,0.0274,0.039,0.017
LIRO,LIRO.AOS.inlet,2017-08-28T04:00:00Z,6.45,1.014,4.494,4.81,0.3178,0.0282,0.08,0.2862,0.012,0.028,0.0085
LIRO,LIRO.AOS.buoy.c1,2017-08-28T04:00:00Z,6.47,1.031,4.602,4.6,0.2862,0.0281,0.07,0.2978,0.005,0.032,8e-4
LIRO,LIRO.AOS.outlet,2017-08-28T04:00:00Z,6.36,0.8736,4.447,4.75,0.3333,0.028,0.07,0.2632,0.011,0.028,0.0085
LIRO,LIRO.AOS.inlet,2017-10-02T04:00:00Z,6.18,0.9851,4.18,4.49,0.116,0.0205,0.11,0.1027,0.04,0.005,0.002
LIRO,LIRO.AOS.buoy.c1,2017-10-02T04:00:00Z,6.16,1.277,4.046,4.37,0.1304,0.0352,0.14,0.1072,0.044,0.011,0.012
LIRO,LIRO.AOS.outlet,2017-10-02T04:00:00Z,6.08,0.8286,4.282,4.5,0.1463,0.0269,0.1,0.0823,0.047,0.005,0.008
LIRO,LIRO.AOS.inlet,2017-10-23T04:00:00Z,6.36,NA,NA,4.12,0.2002,NA,NA,NA,0.029,NA,NA
LIRO,LIRO.AOS.buoy.c1,2017-10-23T04:00:00Z,6.65,NA,NA,4.13,0.1897,NA,NA,NA,0.049,NA,NA
LIRO,LIRO.AOS.outlet,2017-10-23T04:00:00Z,6.46,NA,NA,4.01,0.1772,NA,NA,NA,0.037,NA,NA
LIRO,LIRO.AOS.inlet,2017-11-06T05:00:00Z,6.06,NA,NA,4.17,0.2089,NA,NA,NA,0.003,NA,NA
LIRO,LIRO.AOS.buoy.c0,2017-11-06T05:00:00Z,6.07,1.214,4.007,4.2,0.2041,0.0138,0.1,0.1565,0.004,0.028,0.002
LIRO,LIRO.AOS.outlet,2017-11-06T05:00:00Z,6.09,1.182,3.915,4.16,0.2024,0.3871,0.11,0.1485,0.006,0.017,0.003
LIRO,LIRO.AOS.buoy.c0,2018-02-12T05:00:00Z,6.38,1.397,4.42,4.32,0.3163,0.0594,0.18,0.2893,0.002,0.043,5e-4
LIRO,LIRO.AOS.buoy.c0,2018-03-06T05:00:00Z,5.65,1.526,4.9,4.38,0.3402,0.0668,0.03,0.3338,0.008,0.095,0.007
LIRO,LIRO.AOS.buoy.c1,2018-05-14T04:00:00Z,6.45,1.089,3.464,3.1,0.3998,0.0039,0.03,0.3758,0.06,0.019,5e-4
LIRO,LIRO.AOS.buoy.c2,2018-05-14T04:00:00Z,5.99,1.455,3.314,3.43,0.5278,0.0462,0.03,0.4245,0.021,0.016,0.0135
LIRO,LIRO.AOS.buoy.c2,2018-05-21T04:00:00Z,6.29,1.979,3.003,3.58,0.5042,0.0084,0.04,0.3627,0.1053,0.02,5e-4
LIRO,LIRO.AOS.buoy.c1,2018-05-21T04:00:00Z,7.15,0.725,3.031,3.26,0.4433,0.0057,0.08,0.3655,0.0694,0.022,0.0124
LIRO,LIRO.AOS.buoy.c1,2018-06-04T04:00:00Z,6.92,1.035,3.513,3.54,0.2534,0.0092,0.01,0.216,0.1998,0.03,5e-4
LIRO,LIRO.AOS.buoy.c2,2018-06-04T04:00:00Z,6.28,2.228,3.082,3.29,0.3272,0.013,0.04,0.2045,0.015,0.024,5e-4
LIRO,LIRO.AOS.buoy.c1,2018-07-02T04:00:00Z,7.24,NA,NA,NA,NA,NA,NA,NA,0.017,NA,NA
LIRO,LIRO.AOS.buoy.c2,2018-07-02T04:00:00Z,6.53,NA,NA,NA,NA,NA,NA,NA,0.062,NA,NA
LIRO,LIRO.AOS.buoy.c1,2018-08-06T04:00:00Z,6.61,1.115,4.449,4.43,0.3478,0.0164,0.03,0.3181,0.002,0.012,5e-4
PRLA,PRLA.AOS.inlet,2016-10-19T04:00:00Z,8.63,93.8,33.15,43.98,5.613,0.015,0.04,2.774,0.011,0.006,0.01
PRLA,PRLA.AOS.buoy.c0,2016-10-19T04:00:00Z,8.63,93.14,33.91,42.99,5.888,0.034,0.04,3.054,0.005,0.131,0.002
PRLA,PRLA.AOS.outlet,2016-10-19T04:00:00Z,8.64,92.91,33.52,42.56,5.274,0.013,0.03,2.747,0.014,0.01,0.012
PRLA,PRLA.AOS.inlet,2016-11-16T05:00:00Z,8.48,96.14,34.13,41.67,5.243,0.15,0.35,3.381,0.015,0.02,0.013
PRLA,PRLA.AOS.buoy.c0,2016-11-16T05:00:00Z,8.48,96.54,34.51,42.36,5.015,0.148,0.33,3.628,0.003,0.025,0.002
PRLA,PRLA.AOS.outlet,2016-11-16T05:00:00Z,8.52,96.13,34.11,41.21,5.178,0.156,0.32,3.336,0.004,0.061,0.002
PRLA,PRLA.AOS.buoy.c0,2016-12-19T05:00:00Z,8.35,110.8,39.34,43.54,5.268,0.182,0.65,4.364,0.003,0.043,0.001
PRLA,PRLA.AOS.buoy.c0,2017-01-18T05:00:00Z,8.16,126.58,43.32,44.88,5.58,0.074,1.41,4.997,0.003,0.094,0
PRLA,PRLA.AOS.buoy.c0,2017-02-13T05:00:00Z,8.06,137.1,43.72,47.53,5.966,0.014,1.77,5.494,0.01,0.126,0.002
PRLA,PRLA.AOS.buoy.c0,2017-03-22T04:00:00Z,9.05,57.43,20.83,22.57,2.744,0.685,0.03,1.788,0.003,0.026,0.002
PRLA,PRLA.AOS.inlet,2017-04-12T04:00:00Z,8.52,88.95,28.64,34.93,4.676,0.023,0.26,2.831,0.007,0.02,0.004
PRLA,PRLA.AOS.buoy.c0,2017-04-12T04:00:00Z,8.57,90.13,30.42,33.05,4.788,0.02,0.27,2.901,0.008,0.02,0.005
PRLA,PRLA.AOS.outlet,2017-04-12T04:00:00Z,8.58,89.62,30.29,35.17,5.238,0.019,0.24,2.987,0.013,0.02,0.01
PRLA,PRLA.AOS.inlet,2017-05-03T04:00:00Z,8.87,83.21,28.9,33.2,3.471,-0.005,0.05,2.5768,0.006,0.015,0.005
PRLA,PRLA.AOS.buoy.c0,2017-05-03T04:00:00Z,8.85,82.88,29.13,32.7,3.593,0.014,0.02,2.5151,0.008,0.014,0.0065
PRLA,PRLA.AOS.outlet,2017-05-03T04:00:00Z,8.8,83.52,29.61,32.16,3.589,0,0.04,2.5496,0.035,0.015,0.006
PRLA,PRLA.AOS.inlet,2017-06-08T04:00:00Z,8.54,92.24,31.57,32.92,3.532,0.015,0.04,2.698,0.143,0.004,0.019
PRLA,PRLA.AOS.buoy.c0,2017-06-08T04:00:00Z,8.54,92.43,29.97,34.12,3.63,0.032,0.15,2.633,0.143,0.003,0.017
PRLA,PRLA.AOS.outlet,2017-06-08T04:00:00Z,8.57,92.44,31.86,34.75,3.876,0.013,0.06,2.709,0.14,0.015,0.018
PRLA,PRLA.AOS.inlet,2017-07-06T04:00:00Z,8.78,93.43,31.84,39.37,4.121,0.009,0.05,2.776,0.2155,0.047,0.0155
PRLA,PRLA.AOS.buoy.c0,2017-07-06T04:00:00Z,8.75,95.03,31.68,37.87,4.113,-0.001,0.06,2.704,0.2184,0.046,0.0045
PRLA,PRLA.AOS.buoy.c0,2017-07-06T04:00:00Z,8.77,93.11,32.11,38.82,4.227,0.002,0.04,2.728,0.2007,0.046,0.004
PRLA,PRLA.AOS.buoy.c0,2017-07-06T04:00:00Z,8.78,93.51,31.81,38.11,4.066,0.006,0.04,2.675,0.2221,0.046,0.005
PRLA,PRLA.AOS.outlet,2017-07-06T04:00:00Z,8.69,93.06,32.49,36.99,4.127,0.012,0.04,2.76,0.027,0.049,0.0234
PRLA,PRLA.AOS.inlet,2017-08-03T04:00:00Z,8.71,99.83,34.63,41.19,5.134,0.0437,0.03,3.012,0.3705,0.038,0.0055
PRLA,PRLA.AOS.buoy.c0,2017-08-03T04:00:00Z,8.62,99.14,34.62,41.48,5.127,0.0449,0.03,3.03,0.3685,0.038,0.025
PRLA,PRLA.AOS.outlet,2017-08-03T04:00:00Z,8.67,99.79,42.1,35.2,3.013,0.0429,0.02,4.983,0.3927,0.039,0.0296
PRLA,PRLA.AOS.inlet,2017-09-06T04:00:00Z,8.91,95.74,31.34,40.75,4.698,0.0181,0.01,2.653,0.476,0.023,0.0016
PRLA,PRLA.AOS.buoy.c0,2017-09-06T04:00:00Z,8.89,95.74,30.86,41.75,5.044,0.0559,0.03,2.687,0.409,0.023,8e-4
PRLA,PRLA.AOS.outlet,2017-09-06T04:00:00Z,8.93,96.06,31.65,37.72,4.4,0.0179,0.01,2.713,0.009,0.023,0.0047
PRLA,PRLA.AOS.inlet,2017-10-19T04:00:00Z,8.64,97.96,36.55,38.93,3.723,0.0146,0.11,2.812,0.073,0.02,0.005
PRLA,PRLA.AOS.buoy.c0,2017-10-19T04:00:00Z,8.64,97.66,36.02,40.9,3.983,0.0128,0.11,2.826,0.071,0.02,0.008
PRLA,PRLA.AOS.outlet,2017-10-19T04:00:00Z,8.66,97.36,37.51,39.97,3.742,0.0144,0.1,2.866,0.082,0.02,0.006
PRLA,PRLA.AOS.reach,2017-11-01T04:00:00Z,8.68,118.1,37.01,39.27,3.971,0.1126,0.11,3.144,0.005,0.069,0.003
PRLA,PRLA.AOS.buoy.c0,2017-11-01T04:00:00Z,8.67,119.5,37.3,39.05,3.944,0.0232,0.15,3.153,0.021,0.021,0.019
PRLA,PRLA.AOS.outlet,2017-11-01T04:00:00Z,8.68,106.4,38.31,39.07,3.953,0.2516,0.11,3.272,0.007,0.02,0.005
PRLA,PRLA.AOS.buoy.c0,2018-01-04T05:00:00Z,NA,148.1,45.86,NA,NA,0.0874,0.91,5.288,NA,0.086,0.027
PRLA,PRLA.AOS.buoy.c0,2018-02-13T05:00:00Z,8.14,169,58.55,66.28,6.999,0.0611,0.63,5.07,0.27,0.076,0.004
PRLA,PRLA.AOS.buoy.c0,2018-03-13T04:00:00Z,8.26,152.4,49.14,61.08,8.122,0.0215,0.14,4.268,0.019,-0.046,0.018
PRLA,PRLA.AOS.buoy.c0,2018-04-17T04:00:00Z,8.36,170.9,50.35,60.66,7.271,0.0388,0.47,4.846,0.4647,0.04,0.0138
PRLA,PRLA.AOS.buoy.c0,2018-05-01T04:00:00Z,8.27,118.5,33.8,34.83,5.174,0.012,0.41,3.777,0.3035,0.016,5e-4
PRLA,PRLA.AOS.buoy.c0,2018-06-05T04:00:00Z,8.86,98.45,34.63,39.3,4.512,0.0053,-0.01,2.966,0.0446,0.022,5e-4
PRLA,PRLA.AOS.buoy.c1,2018-06-20T04:00:00Z,8.83,95.98,35.72,42.69,4.825,0.0333,0,3.021,0.0988,0.016,0.002
PRLA,PRLA.AOS.buoy.c0,2018-07-05T04:00:00Z,7.74,97.76,34.46,42.81,5.191,0.0037,0.39,3.092,0.446,0.011,0.001
PRLA,PRLA.AOS.buoy.c0,2018-08-07T04:00:00Z,9.15,97.54,37.81,47.99,6.119,0.013,-0.01,3.148,0.2361,2.218,0.0131
PRPO,PRPO.AOS.inlet,2016-10-18T04:00:00Z,8.38,66.81,37.03,49.84,2.366,0.002,0.01,2.823,0.004,0.075,0.002
PRPO,PRPO.AOS.buoy.c0,2016-10-18T04:00:00Z,8.42,66.58,36.52,46.31,2.433,0.002,0.05,2.761,0.012,0.049,0.01
PRPO,PRPO.AOS.outlet,2016-10-18T04:00:00Z,8.4,66.87,35.97,44.14,2.438,0.002,0.03,2.76,0.008,0.234,0.007
PRPO,PRPO.AOS.inlet,2016-11-15T05:00:00Z,8.33,69.62,32.78,37.22,3.351,0.027,0.29,2.708,0.088,0.989,0.087
PRPO,PRPO.AOS.buoy.c0,2016-11-15T05:00:00Z,8.34,69.48,33.14,37.14,3.238,0.021,0.28,2.664,0.087,0.439,0.084
PRPO,PRPO.AOS.outlet,2016-11-15T05:00:00Z,8.31,70.21,32.96,37.92,3.324,0.025,0.3,2.708,0.014,0.509,0.017
PRPO,PRPO.AOS.buoy.c0,2016-12-21T05:00:00Z,8.17,87.25,38.85,44.56,4.308,0.068,0.61,3.728,0.007,0.036,0.003
PRPO,PRPO.AOS.buoy.c0,2017-01-17T05:00:00Z,7.98,99.46,44.28,48.7,5.125,0.06,1.09,4.638,0.007,0.048,0.004
PRPO,PRPO.AOS.buoy.c0,2017-02-14T05:00:00Z,7.91,102.7,39.35,45.68,5.129,0.039,1.28,4.376,0.012,0.031,0.006
PRPO,PRPO.AOS.buoy.c0,2017-03-21T04:00:00Z,7.87,96.91,36.89,38.14,4.504,0.007,1.28,4.193,0.008,0.022,0.001
PRPO,PRPO.AOS.inlet,2017-04-11T04:00:00Z,8.11,69.95,29.78,32.56,3.435,0.019,0.68,3.167,0.012,0.019,0.008
PRPO,PRPO.AOS.buoy.c0,2017-04-11T04:00:00Z,8.14,70.23,28.83,32.31,3.481,0.028,0.67,2.95,0.007,0.018,0.005
PRPO,PRPO.AOS.outlet,2017-04-11T04:00:00Z,8.1,68.86,28.81,32.68,3.395,0.035,0.59,2.785,0.015,0.02,0.013
PRPO,PRPO.AOS.inlet,2017-05-02T04:00:00Z,8.57,66.18,28.61,33.94,3.417,0.011,0.07,2.1591,0.025,0.017,0.0195
PRPO,PRPO.AOS.buoy.c0,2017-05-02T04:00:00Z,8.59,65.21,27.96,29.61,2.869,0.011,0.04,2.1878,0.038,0.017,0.0315
PRPO,PRPO.AOS.outlet,2017-05-02T04:00:00Z,8.59,65.7,28.45,33.17,3.322,-0.015,0.03,2.1975,0.016,0.014,0.0145
PRPO,PRPO.AOS.inlet,2017-06-06T04:00:00Z,8.39,65.27,33.69,35.77,2.972,0.016,0.06,2.427,0.109,0.002,0.008
PRPO,PRPO.AOS.buoy.c0,2017-06-06T04:00:00Z,8.37,64.1,33.11,37.23,3.261,0.014,0.09,2.514,0.094,0.006,0.005
PRPO,PRPO.AOS.outlet,2017-06-06T04:00:00Z,8.4,64.16,33.23,34.64,3.339,0.016,0.09,2.473,0.046,0.001,0.012
PRPO,PRPO.AOS.inlet,2017-07-05T04:00:00Z,8.61,65.69,31.08,33.83,2.787,0.008,0.03,2.387,0.015,0.024,0.01
PRPO,PRPO.AOS.buoy.c0,2017-07-05T04:00:00Z,8.59,65.99,30.39,33.66,2.748,-0.002,0.1,2.365,0.015,0.023,0.0124
PRPO,PRPO.AOS.buoy.c0,2017-07-05T04:00:00Z,8.6,66.26,30.62,33.83,2.754,0,0.11,2.392,0.014,0.023,5e-4
PRPO,PRPO.AOS.buoy.c0,2017-07-05T04:00:00Z,8.6,66.4,30.68,33.53,2.741,0.008,0.08,2.38,0.013,0.023,6e-4
PRPO,PRPO.AOS.outlet,2017-07-05T04:00:00Z,8.6,68.19,30.13,35.17,2.786,0.009,0.05,2.336,0.004,0.023,5e-4
PRPO,PRPO.AOS.inlet,2017-08-02T04:00:00Z,8.45,72.43,36.61,41.04,3.461,0.0463,0.06,2.847,0.1809,0.028,0.002
PRPO,PRPO.AOS.buoy.c0,2017-08-02T04:00:00Z,8.49,73.08,36.85,39.38,3.285,0.0472,0.13,2.92,0.1797,0.037,0.0204
PRPO,PRPO.AOS.outlet,2017-08-02T04:00:00Z,8.45,72.65,36.45,36.8,3.026,0.0444,0.14,2.871,0.1642,0.028,0.008
PRPO,PRPO.AOS.inlet,2017-09-05T04:00:00Z,8.6,64.22,36.02,36.86,3.35,0.0243,0.02,2.982,0.3361,0.023,0.0016
PRPO,PRPO.AOS.buoy.c0,2017-09-05T04:00:00Z,8.59,64.52,38.51,40.91,3.284,0.0246,0.01,2.764,0.221,0.024,0.0032
PRPO,PRPO.AOS.outlet,2017-09-05T04:00:00Z,8.58,64.08,31.57,37.33,3.03,0.0259,0.03,2.786,0.261,0.024,0.0162
PRPO,PRPO.AOS.inlet,2017-10-17T04:00:00Z,8.29,68.05,37.96,38.4,3.006,0.0343,0.12,2.759,0.026,0.009,0.006
PRPO,PRPO.AOS.buoy.c0,2017-10-17T04:00:00Z,8.35,68.23,36.79,39.61,3.04,0.0305,0.11,2.74,0.023,0.007,0.006
PRPO,PRPO.AOS.outlet,2017-10-17T04:00:00Z,8.36,67.92,36.8,39,3.015,0.0119,0.12,2.85,0.029,0.033,0.006
PRPO,PRPO.AOS.inlet,2017-10-31T04:00:00Z,8.36,75.43,38.75,45.47,3.386,0.1997,0.11,2.87,0.053,0.023,0.01
PRPO,PRPO.AOS.buoy.c0,2017-10-31T04:00:00Z,8.36,75.63,38.16,45.14,4.078,0.0222,0.18,2.829,0.054,0.041,0.01
PRPO,PRPO.AOS.outlet,2017-10-31T04:00:00Z,8.4,75.43,38.36,41.82,3.144,0.0307,0.12,2.851,0.057,0.015,0.012
PRPO,PRPO.AOS.buoy.c0,2018-01-02T05:00:00Z,7.99,NA,NA,49.14,4.666,NA,NA,NA,0.024,NA,NA
PRPO,PRPO.AOS.buoy.c0,2018-02-13T05:00:00Z,8.04,127.7,62.32,68.72,5.415,0.0932,0.28,4.361,0.063,0.077,0.006
PRPO,PRPO.AOS.buoy.c0,2018-03-13T04:00:00Z,7.77,134.4,47.08,66.12,5.684,0.0762,0.09,3.511,0.009,3.507,0.007
PRPO,PRPO.AOS.buoy.c0,2018-04-17T04:00:00Z,7.73,138.4,49.86,59.21,5.225,0.0288,0.47,4.25,0.08,0.03,0.0065
PRPO,PRPO.AOS.buoy.c0,2018-05-01T04:00:00Z,8.16,77.57,30.89,32.96,3.237,0.0267,0.33,2.804,0.1488,0.022,5e-4
PRPO,PRPO.AOS.buoy.c0,2018-06-05T04:00:00Z,8.52,75.34,32.09,35.2,2.877,-5e-4,0.01,2.625,0.0475,0.019,5e-4
PRPO,PRPO.AOS.buoy.c0,2018-06-20T04:00:00Z,8.59,83.93,36.1,36.54,2.825,0.0045,0.02,2.742,0.0809,0.034,0.0184
TOOK,TOOK.AOS.buoy.c0,2016-11-07T05:00:00Z,7.68,12.16,5.465,5.23,0.1938,0.038,0.11,0.2165,0.015,0.332,0.014
TOOK,TOOK.AOS.buoy.c0,2016-12-06T05:00:00Z,7.78,11.99,5.445,5.34,0.2214,0.017,0.06,0.2869,0.002,0.367,0.001
TOOK,TOOK.AOS.buoy.c0,2017-01-10T05:00:00Z,NA,NA,NA,NA,NA,NA,NA,NA,NA,NA,NA
TOOK,TOOK.AOS.buoy.c0,2017-02-07T05:00:00Z,7.65,13.7,5.443,5.33,0.3082,0.027,-0.03,0.2379,0.004,0.031,5e-4
TOOK,TOOK.AOS.buoy.c0,2017-03-07T05:00:00Z,7.43,13.26,43.46,43.76,0.2812,0.044,0.12,0.2601,0.003,0.021,0.002
TOOK,TOOK.AOS.buoy.c0,2017-04-03T04:00:00Z,7.63,12.86,5.309,4.87,0.2529,-0.007,-0.01,0.3074,0.002,0.022,0.001
TOOK,TOOK.AOS.buoy.c0,2017-04-29T04:00:00Z,7.58,13.58,6.174,NA,NA,0.057,0.05,0.3231,0.032,0.019,0.0265
TOOK,TOOK.AOS.inlet,2017-06-06T04:00:00Z,7.12,5.958,4.427,3.75,0.2045,0.029,0.02,0.2094,0.007,0.005,0.006
TOOK,TOOK.AOS.buoy.c1,2017-06-27T04:00:00Z,7.9,10.34,4.265,4.28,0.1768,0.005,0.06,0.1728,0.012,0.042,0.0092
TOOK,TOOK.AOS.buoy.c2,2017-06-27T04:00:00Z,7.55,10.58,4.397,4.26,0.2192,0.012,0.06,0.1634,0.01,0.042,0.0069
TOOK,TOOK.AOS.outlet,2017-06-27T04:00:00Z,7.74,10.25,4.209,4.82,0.2352,0.013,0.07,0.181,0.024,0.043,5e-4
TOOK,TOOK.AOS.inlet,2017-06-28T04:00:00Z,7.66,10.8,2.782,2.78,0.2629,0.094,0.07,0.2001,0.0196,0.043,0.0092
TOOK,TOOK.AOS.inlet,2017-07-04T04:00:00Z,8.1,11.56,2.985,2.67,0.2673,0.125,0.08,0.2429,0.002,0.045,6e-4
TOOK,TOOK.AOS.buoy.c1,2017-07-05T04:00:00Z,8.07,10.27,4.207,NA,NA,0.016,0.09,0.1565,0.0056,0.044,5e-4
TOOK,TOOK.AOS.buoy.c2,2017-07-05T04:00:00Z,7.65,9.947,4.178,4.01,0.2522,0.032,0.08,0.2097,0.011,0.044,0.0077
TOOK,TOOK.AOS.outlet,2017-07-05T04:00:00Z,7.91,9.903,4.29,4.43,0.2055,-0.001,0.07,0.1719,0.012,0.042,0.0092
TOOK,TOOK.AOS.buoy.c1,2017-08-01T04:00:00Z,7.98,10.15,4.407,4.29,0.2037,0.0535,0.09,0.179,0.018,0.035,0.0158
TOOK,TOOK.AOS.buoy.c2,2017-08-01T04:00:00Z,8.08,10.23,4.093,4.08,0.2048,0.0475,0.03,0.1608,0.014,0.036,0.0124
TOOK,TOOK.AOS.outlet,2017-08-01T04:00:00Z,8.02,10.09,4.124,4.16,0.2469,0.0458,0.09,0.2375,0.003,0.036,5e-4
TOOK,TOOK.AOS.inlet,2017-08-01T04:00:00Z,8.07,9.432,5.328,5.26,0.2719,0.0576,0.06,0.2491,0.018,0.035,0.0158
TOOK,TOOK.AOS.buoy.c0,2017-09-06T04:00:00Z,7.92,11.23,4.209,4.36,0.124,0.0213,0.03,0.1185,0.008,0.022,0.0024
TOOK,TOOK.AOS.outlet,2017-09-06T04:00:00Z,7.93,10.96,4.246,4.18,0.1251,0.0464,0,0.1008,0.004,0.024,0.0016
TOOK,TOOK.AOS.inlet,2017-09-06T04:00:00Z,7.76,10.82,5.161,5.08,0.1284,0.0387,0.01,0.1481,0.005,0.023,0.0032
TOOK,TOOK.AOS.buoy.c0,2017-11-07T05:00:00Z,7.71,13.3,5.333,4.85,0.1478,0.6092,0.12,0.1407,0.005,0.015,0.004
TOOK,TOOK.AOS.buoy.c0,2017-12-05T05:00:00Z,7.96,13.13,4.556,4.58,-0.0496,0.0104,0.12,-0.0888,0.01,0.008,0.001
TOOK,TOOK.AOS.buoy.c0,2018-01-09T05:00:00Z,NA,13.99,4.692,NA,NA,0.0394,0.12,0.2029,NA,0.035,0.009
TOOK,TOOK.AOS.buoy.c0,2018-02-13T05:00:00Z,7.53,14.35,8.845,11.89,0.1317,0.0297,0.1,0.1498,0.003,0.089,0.002
TOOK,TOOK.AOS.buoy.c0,2018-03-06T05:00:00Z,7.18,14.32,5.52,5.28,0.2472,0.0335,-0.01,0.2293,0.009,0.004,0.007
TOOK,TOOK.AOS.buoy.c0,2018-03-06T05:00:00Z,7.25,14.36,5.048,5.07,0.2517,0.0405,0,0.2116,0.008,0.005,0.007
TOOK,TOOK.AOS.buoy.c0,2018-03-06T05:00:00Z,7.34,14.33,4.697,5.39,0.2408,0.0371,0.01,0.2218,0.009,0.004,0.008
TOOK,TOOK.AOS.buoy.c0,2018-04-03T04:00:00Z,7.36,14.35,4.958,4.92,0.3035,0.0776,0,0.3235,0.2137,0.079,0.004
TOOK,TOOK.AOS.buoy.c0,2018-05-01T04:00:00Z,7.38,14.21,5.084,4.86,0.472,0.0433,0.03,0.4381,0.1313,0.031,0.1275
TOOK,TOOK.AOS.buoy.c0,2018-06-05T04:00:00Z,6.7,1.098,0.9053,0.77,0.0706,0.0059,0.01,0.0683,0.0082,0.009,5e-4
TOOK,TOOK.AOS.outlet,2018-06-05T04:00:00Z,7.05,5.447,4.42,4.57,0.1937,0.0337,0.03,0.1412,0.024,0.013,5e-4
TOOK,TOOK.AOS.inlet,2018-06-05T04:00:00Z,7.57,4.86,4.798,5.17,0.267,0.0183,0,0.1496,0.0663,0.011,5e-4
TOOK,TOOK.AOS.buoy.c1,2018-07-03T04:00:00Z,7.59,9.888,4.361,2.19,0.5403,0.0046,-0.01,0.2806,0.068,0.01,5e-4
TOOK,TOOK.AOS.buoy.c2,2018-07-03T04:00:00Z,7.55,11.12,4.106,4.12,0.2732,0.0343,0.01,0.2809,0.089,0.01,5e-4
TOOK,TOOK.AOS.inlet,2018-07-03T04:00:00Z,7.46,9.186,4.061,4.13,0.2553,0.0135,-0.02,0.2412,0.07,0.011,5e-4
TOOK,TOOK.AOS.inlet,2018-08-07T04:00:00Z,7.65,10.07,5.685,5.59,0.2195,0.0254,0.03,0.2217,0.017,0.011,5e-4
TOOK,TOOK.AOS.outlet,2018-08-07T04:00:00Z,7.74,10.39,4.514,4.52,0.1577,0.0118,0.02,0.1513,0.005,0.011,0.0022
TOOK,TOOK.AOS.buoy.c1,2018-08-07T04:00:00Z,7.76,10.39,4.697,4.58,0.1844,0.0113,0.02,0.1703,0.008,0.011,0.0051
TOOK,TOOK.AOS.buoy.c2,2018-08-07T04:00:00Z,7.46,10.26,4.426,4.22,0.1926,0.0441,0.05,0.1857,0.006,1.117,0.0044
