time,FLOW,SALT,TEMP,NIT_nit,NIT_amm,PHS_frp,OGM_doc
2012-12-31,0.027034422,0,4.359583333,0.554131684,0.464341038,1.109336919,133.0269741
2013-01-01,0.023753372,0,3.787604167,0.560980999,0.464720712,1.123048819,132.9537214
2013-01-02,0.022360992,0,4.230520833,0.567830314,0.465100386,1.136760719,132.8804686
2013-01-03,0.02644151,0,1.320520833,0.574679629,0.46548006,1.150472618,132.8072159
2013-01-04,0.022166852,0,1.0665625,0.581528944,0.465859733,1.164184518,132.7339631
2013-01-05,0.021213354,0,3.471875,0.588378259,0.466239407,1.177896418,132.6607104
2013-01-06,0.023845683,0,3.181770833,0.595227574,0.466619081,1.191608317,132.5874577
2013-01-07,0.040717269,0,0.253229167,0.602076889,0.466998755,1.205320217,132.5142049
2013-01-08,0.033022493,0,0.280416667,0.608926204,0.467378428,1.219032117,132.4409522
2013-01-09,0.02083746,0,1.220416667,0.615775519,0.467758102,1.232744017,132.3676994
2013-01-10,0.022088974,0,2.7440625,0.622624834,0.468137776,1.246455916,132.2944467
2013-01-11,0.033721742,0,4.640520833,0.629474149,0.46851745,1.260167816,132.221194
2013-01-12,0.034246043,0,4.477708333,0.636323464,0.468897124,1.273879716,132.1479412
2013-01-13,0.027406312,0,4.4509375,0.643172779,0.469276797,1.287591615,132.0746885
2013-01-14,0.026308183,0,5.342916667,0.650022095,0.469656471,1.301303515,132.0014358
2013-01-15,0.025264536,0,4.3178125,0.65687141,0.470036145,1.315015415,131.928183
2013-01-16,0.024373323,0,2.815208333,0.663720725,0.470415819,1.328727315,131.8549303
2013-01-17,0.0234064,0,3.0428125,0.67057004,0.470795493,1.342439214,131.7816775
2013-01-18,0.024190169,0,1.730416667,0.677419355,0.471175166,1.356151114,131.7084248
2013-01-19,0.02267054,0,2.380625,0.68426867,0.47155484,1.369863014,131.6351721
2013-01-20,0.021774662,0,3.233645833,0.691117985,0.471934514,1.383574913,131.5619193
2013-01-21,0.022663528,0,2.885520833,0.6979673,0.472314188,1.397286813,131.4886666
2013-01-22,0.025741717,0,0.421041667,0.704816615,0.472693861,1.410998713,131.4154138
2013-01-23,0.025987569,0,0.3915625,0.71166593,0.473073535,1.424710613,131.3421611
2013-01-24,0.050393728,0,0.250625,0.718515245,0.473453209,1.438422512,131.2689084
2013-01-25,0.041474419,0,0.381354167,0.72536456,0.473832883,1.452134412,131.1956556
2013-01-26,0.021646508,0,0.776041667,0.732213875,0.474212557,1.465846312,131.1224029
2013-01-27,0.022164124,0,1.987708333,0.73906319,0.47459223,1.479558211,131.0491501
2013-01-28,0.02452516,0,0.260625,0.745912506,0.474971904,1.493270111,130.9758974
2013-01-29,0.024927964,0,0.308125,0.752761821,0.475351578,1.506982011,130.9026447
2013-01-30,0.029774802,0,0.292604167,0.759611136,0.475731252,1.520693911,130.8293919
2013-01-31,0.020704086,0,1.191979167,0.766460451,0.476110925,1.53440581,130.7561392
2013-02-01,0.019507248,0,2.6,0.773309766,0.476490599,1.54811771,130.6828865
2013-02-02,0.01959148,0,4.269375,0.780159081,0.476870273,1.56182961,130.6096337
2013-02-03,0.044024432,0,5.1546875,0.787008396,0.477249947,1.575541509,130.536381
2013-02-04,0.03226677,0,4.066041667,0.793857711,0.477629621,1.589253409,130.4631282
2013-02-05,0.027852177,0,4.299583333,0.800707026,0.478009294,1.602965309,130.3898755
2013-02-06,0.026420665,0,3.057291667,0.807556341,0.478388968,1.616677209,130.3166228
2013-02-07,0.024565054,0,2.748020833,0.814405656,0.478768642,1.630389108,130.24337
2013-02-08,0.023370937,0,3.276041667,0.821254971,0.479148316,1.644101008,130.1701173
2013-02-09,0.022656437,0,3.944479167,0.828104286,0.47952799,1.657812908,130.0968645
2013-02-10,0.023063119,0,3.0775,0.834953601,0.479907663,1.671524807,130.0236118
2013-02-11,0.022618893,0,2.107916667,0.841802916,0.480287337,1.685236707,129.9503591
2013-02-12,0.03087657,0,0.692083333,0.848652232,0.480667011,1.698948607,129.8771063
2013-02-13,0.076990586,0,0.208125,0.855501547,0.481046685,1.712660507,129.8038536
2013-02-14,0.026205116,0,1.844375,0.862350862,0.481426358,1.726372406,129.7306008
2013-02-15,0.024143509,0,2.6284375,0.869200177,0.481806032,1.740084306,129.6573481
2013-02-16,0.022687052,0,2.143958333,0.876049492,0.482185706,1.753796206,129.5840954
2013-02-17,0.021474303,0,2.4559375,0.882898807,0.48256538,1.767508106,129.5108426
2013-02-18,0.022073643,0,3.496875,0.889748122,0.482945054,1.781220005,129.4375899
2013-02-19,0.0292475,0,4.7221875,0.896597437,0.483324727,1.794931905,129.3643371
2013-02-20,0.030663997,0,4.459166667,0.903446752,0.483704401,1.808643805,129.2910844
2013-02-21,0.050091842,0,5.647916667,0.910296067,0.484084075,1.822355704,129.2178317
2013-02-22,0.039661213,0,5.490416667,0.917145382,0.484463749,1.836067604,129.1445789
2013-02-23,0.031779687,0,6.047916667,0.923994697,0.484843423,1.849779504,129.0713262
2013-02-24,0.028359133,0,5.130104167,0.930844012,0.485223096,1.863491404,128.9980735
2013-02-25,0.026728465,0,3.851458333,0.937693327,0.48560277,1.877203303,128.9248207
2013-02-26,0.026291627,0,3.733020833,0.944542643,0.485982444,1.890915203,128.851568
2013-02-27,0.025953807,0,2.586041667,0.951391958,0.486362118,1.904627103,128.7783152
2013-02-28,0.024683729,0,2.181979167,0.958241273,0.486741791,1.918339002,128.7050625
2013-03-01,0.023521331,0,2.956041667,0.965090588,0.487121465,1.932050902,128.6318098
2013-03-02,0.023826543,0,5.546979167,0.971939903,0.487501139,1.945762802,128.558557
2013-03-03,0.036200717,0,4.311770833,0.978789218,0.487880813,1.959474702,128.4853043
2013-03-04,0.031482212,0,2.398229167,0.985638533,0.488260487,1.973186601,128.4120515
2013-03-05,0.028139205,0,3.983333333,0.992487848,0.48864016,1.986898501,128.3387988
2013-03-06,0.026220316,0,3.555208333,0.999337163,0.489019834,2.000610401,128.2655461
2013-03-07,0.026852008,0,3.2046875,1.006186478,0.489399508,2.0143223,128.1922933
2013-03-08,0.018244448,0,5.792708333,1.013035793,0.489779182,2.0280342,128.1190406
2013-03-09,0.01280794,0,7.008333333,1.019885108,0.490158856,2.0417461,128.0457878
2013-03-10,0.012426705,0,7.013958333,1.026734423,0.490538529,2.055458,127.9725351
2013-03-11,0.012234801,0,8.940833333,1.033583738,0.490918203,2.069169899,127.8992824
2013-03-12,0.01253913,0,8.51625,1.040433053,0.491297877,2.082881799,127.8260296
2013-03-13,0.012921725,0,4.055833333,1.047282369,0.491677551,2.096593699,127.7527769
2013-03-14,0.010985433,0,5.040416667,1.054131684,0.492057224,2.110305598,127.6795242
2013-03-15,0.010504301,0,7.600729167,1.060980999,0.492436898,2.124017498,127.6062714
2013-03-16,0.01142555,0,5.675,1.067830314,0.492816572,2.137729398,127.5330187
2013-03-17,0.012073084,0,3.383125,1.074679629,0.493196246,2.151441298,127.4597659
2013-03-18,0.012245394,0,3.976145833,1.081528944,0.49357592,2.165153197,127.3865132
2013-03-19,0.012852374,0,5.133958333,1.088378259,0.493955593,2.178865097,127.3132605
2013-03-20,0.012369159,0,6.006415094,1.095227574,0.494335267,2.192576997,127.2400077
2013-03-21,0.115769459,0,8.060207547,1.102076889,0.494714941,2.206288896,127.166755
2013-03-22,0.219169759,0,10.114,1.108926204,0.495094615,2.220000796,127.0935022
2013-03-23,0.198075711,0,8.476666667,1.115775519,0.495474288,2.233712696,127.0202495
2013-03-24,0.176981662,0,6.839333333,1.122624834,0.495853962,2.247424596,126.9469968
2013-03-25,0.155887613,0,5.202,1.129474149,0.496233636,2.261136495,126.873744
2013-03-26,0.122282785,0,3.793333333,1.136323464,0.49661331,2.274848395,126.8004913
2013-03-27,0.138796483,0,4.688518519,1.143172779,0.496992984,2.288560295,126.7272385
2013-03-28,0.155310182,0,5.583703704,1.150022095,0.497372657,2.302272194,126.6539858
2013-03-29,0.171823881,0,6.478888889,1.15687141,0.497752331,2.315984094,126.5807331
2013-03-30,0.188337579,0,7.374074074,1.163720725,0.498132005,2.329695994,126.5074803
2013-03-31,0.204851278,0,8.269259259,1.17057004,0.498511679,2.343407894,126.4342276
2013-04-01,0.221364976,0,9.164444444,1.177419355,0.498891353,2.357119793,126.3609748
2013-04-02,0.237878675,0,10.05962963,1.149769585,0.506810263,2.301766687,126.2877221
2013-04-03,0.254392373,0,10.95481481,1.122119816,0.514729173,2.24641358,126.2144694
2013-04-04,0.270906072,0,11.85,1.094470046,0.522648084,2.191060473,126.1412166
2013-04-05,0.39071376,0,11.19,1.066820276,0.530566994,2.135707367,126.0679639
2013-04-06,0.146404557,0,8.126666667,1.039170507,0.538485904,2.08035426,125.9947112
2013-04-07,0.133861562,0,8.523333333,1.011520737,0.546404815,2.025001153,125.9214584
2013-04-08,0.143929514,0,8.260555556,0.983870968,0.554323725,1.969648046,125.8482057
2013-04-09,0.153997466,0,7.997777778,0.953629032,0.540465632,1.909105586,125.7749529
2013-04-10,0.164065419,0,7.735,0.923387097,0.526607539,1.848563126,125.7017002
2013-04-11,0.162826457,0,8.158566434,0.893145161,0.512749446,1.788020665,125.6284475
2013-04-12,0.161587495,0,8.582132867,0.862903226,0.498891353,1.727478205,125.5551947
2013-04-13,0.160348534,0,9.005699301,0.83266129,0.485033259,1.666935744,125.481942
2013-04-14,0.159109572,0,9.429265734,0.802419355,0.471175166,1.606393284,125.4086892
2013-04-15,0.157870611,0,9.852832168,0.772177419,0.457317073,1.545850823,125.3354365
2013-04-16,0.156631649,0,10.2763986,0.741935484,0.44345898,1.485308363,125.2621838
2013-04-17,0.155392688,0,10.69996503,0.716129032,0.465631929,1.433645463,125.188931
2013-04-18,0.154153726,0,11.12353147,0.690322581,0.487804878,1.381982564,125.1156783
2013-04-19,0.152914764,0,11.5470979,0.664516129,0.509977827,1.330319664,125.0424255
2013-04-20,0.151675803,0,11.97066434,0.638709677,0.532150776,1.278656765,124.9691728
2013-04-21,0.150436841,0,12.39423077,0.612903226,0.554323725,1.226993865,124.8959201
2013-04-22,0.14919788,0,12.8177972,0.640552995,0.585999366,1.282346972,147.4961342
2013-04-23,0.147958918,0,13.24136364,0.668202765,0.617675008,1.337700078,170.0963483
2013-04-24,0.159848098,0,11.8853125,0.695852535,0.649350649,1.393053185,192.6965624
2013-04-25,0.154049997,0,11.83604167,0.723502304,0.681026291,1.448406292,215.2967765
2013-04-26,0.14445559,0,13.3246875,0.751152074,0.712701932,1.503759398,237.8969906
2013-04-27,0.155137467,0,14.45895833,0.778801843,0.744377574,1.559112505,260.4972047
2013-04-28,0.119457446,0,12.44430108,0.806451613,0.776053215,1.614465612,283.0974188
2013-04-29,0.096032794,0,11.99645833,0.721198157,0.783972125,1.443793533,266.4446295
2013-04-30,0.097038225,0,12.68052083,0.6359447,0.791891036,1.273121454,249.7918401
2013-05-01,0.097471343,0,13.34791667,0.550691244,0.799809946,1.102449375,233.1390508
2013-05-02,0.092711288,0,13.04666667,0.465437788,0.807728857,0.931777296,216.4862614
2013-05-03,0.09162645,0,13.29229167,0.380184332,0.815647767,0.761105217,199.8334721
2013-05-04,0.091755076,0,13.66979167,0.294930876,0.823566677,0.590433138,183.1806828
2013-05-05,0.090867195,0,13.63166667,0.209677419,0.831485588,0.419761059,166.5278934
2013-05-06,0.09242527,0,14.01635417,0.209677419,0.752296484,0.419761059,166.5278934
2013-05-07,0.093431453,0,14.53489583,0.209677419,0.67310738,0.419761059,166.5278934
2013-05-08,0.09424751,0,14.95635417,0.209677419,0.593918277,0.419761059,166.5278934
2013-05-09,0.094205549,0,15.01770833,0.209677419,0.514729173,0.419761059,166.5278934
2013-05-10,0.093294145,0,14.80697917,0.209677419,0.43554007,0.419761059,166.5278934
2013-05-11,0.092441906,0,15.15083333,0.209677419,0.356350966,0.419761059,166.5278934
2013-05-12,0.092869125,0,15.51572917,0.209677419,0.277161863,0.419761059,166.5278934
2013-05-13,0.093751602,0,15.80239583,0.211981567,0.324675325,0.424373818,165.3384085
2013-05-14,0.092215992,0,15.92125,0.214285714,0.372188787,0.428986577,164.1489235
2013-05-15,0.105294354,0,15.5625,0.216589862,0.419702249,0.433599336,162.9594386
2013-05-16,0.106811287,0,14.64864583,0.218894009,0.467215711,0.438212095,161.7699536
2013-05-17,0.097210328,0,14.68520833,0.221198157,0.514729173,0.442824854,160.5804687
2013-05-18,0.095146487,0,15.11614583,0.223502304,0.562242635,0.447437612,159.3909837
2013-05-19,0.094087413,0,15.476875,0.225806452,0.609756098,0.452050371,158.2014988
2013-05-20,0.093724945,0,16.1153125,0.230414747,0.585999366,0.461275889,158.2014988
2013-05-21,0.094786563,0,16.83291667,0.235023041,0.562242635,0.470501407,158.2014988
2013-05-22,0.093879391,0,17.1725,0.239631336,0.538485904,0.479726925,158.2014988
2013-05-23,0.092695637,0,16.9240625,0.244239631,0.514729173,0.488952442,158.2014988
2013-05-24,0.092103157,0,16.7678125,0.248847926,0.490972442,0.49817796,158.2014988
2013-05-25,0.091929506,0,17.16572917,0.253456221,0.467215711,0.507403478,158.2014988
2013-05-26,0.093485648,0,17.61875,0.258064516,0.44345898,0.516628996,158.2014988
2013-05-27,0.096704363,0,18.03739583,0.278801843,0.475134621,0.558143826,160.5804687
2013-05-28,0.097910398,0,18.188125,0.299539171,0.506810263,0.599658656,162.9594386
2013-05-29,0.096689683,0,17.88020833,0.320276498,0.538485904,0.641173486,165.3384085
2013-05-30,0.097282263,0,18.09166667,0.341013825,0.570161546,0.682688316,167.7173784
2013-05-31,0.097176525,0,18.08677083,0.361751152,0.601837187,0.724203146,170.0963483
2013-06-01,0.096164914,0,17.88875,0.382488479,0.633512829,0.765717976,172.4753182
2013-06-02,0.097443926,0,18.22666667,0.403225806,0.66518847,0.807232806,174.8542881
2013-06-03,0.097939672,0,18.62977528,0.458525346,0.681026291,0.917939019,172.4753182
2013-06-04,0.100360654,0,19.01958333,0.513824885,0.696864111,1.028645233,170.0963483
2013-06-05,0.099082664,0,19.03822917,0.569124424,0.712701932,1.139351446,167.7173784
2013-06-06,0.096754162,0,18.96666667,0.624423963,0.728539753,1.250057659,165.3384085
2013-06-07,0.0953854,0,19.3865625,0.679723502,0.744377574,1.360763873,162.9594386
2013-06-08,0.095082387,0,19.6675,0.735023041,0.760215394,1.471470086,160.5804687
2013-06-09,0.09492078,0,19.97989583,0.790322581,0.776053215,1.5821763,158.2014988
2013-06-10,0.095517404,0,20.38541667,0.760368664,0.736458663,1.522210434,158.2014988
2013-06-11,0.09879966,0,20.380625,0.730414747,0.696864111,1.462244568,158.2014988
2013-06-12,0.098000488,0,20.28927083,0.700460829,0.65726956,1.402278703,158.2014988
2013-06-13,0.095895117,0,20.54604167,0.670506912,0.617675008,1.342312837,158.2014988
2013-06-14,0.09521464,0,20.51,0.640552995,0.578080456,1.282346972,158.2014988
2013-06-15,0.093094945,0,20.8290625,0.610599078,0.538485904,1.222381106,158.2014988
2013-06-16,0.093815045,0,21.52020833,0.580645161,0.498891353,1.162415241,158.2014988
2013-06-17,0.095159954,0,21.785625,0.564516129,0.490972442,1.130125928,157.0120138
2013-06-18,0.095216139,0,22.02458333,0.548387097,0.483053532,1.097836616,155.8225288
2013-06-19,0.094666504,0,22.1715625,0.532258065,0.475134621,1.065547304,154.6330439
2013-06-20,0.09501134,0,22.13760417,0.516129032,0.467215711,1.033257992,153.4435589
2013-06-21,0.094870185,0,22.12875,0.5,0.459296801,1.000968679,152.254074
2013-06-22,0.091606162,0,22.195,0.483870968,0.45137789,0.968679367,151.064589
2013-06-23,0.089829438,0,22.24895833,0.467741935,0.44345898,0.936390055,149.8751041
2013-06-24,0.092190767,0,22.891875,0.459677419,0.434220251,0.920245399,154.0383014
2013-06-25,0.094379664,0,23.4425,0.451612903,0.424981523,0.904100743,158.2014988
2013-06-26,0.094060251,0,23.48875,0.443548387,0.415742794,0.887956087,162.3646961
2013-06-27,0.094278254,0,23.67135417,0.435483871,0.406504065,0.87181143,166.5278934
2013-06-28,0.09452572,0,23.63635417,0.427419355,0.397265336,0.855666774,170.6910908
2013-06-29,0.094480262,0,22.91895833,0.419354839,0.388026608,0.839522118,174.8542881
2013-06-30,0.094492624,0,23.41104167,0.387096774,0.277161863,0.774943494,158.2014988
2013-07-01,0.094708881,0,24.05989583,0.387096774,0.324675325,0.774943494,159.3909837
2013-07-02,0.095676036,0,24.41989583,0.387096774,0.372188787,0.774943494,160.5804687
2013-07-03,0.109286749,0,23.51697917,0.387096774,0.419702249,0.774943494,161.7699536
2013-07-04,0.099725437,0,22.74208333,0.387096774,0.467215711,0.774943494,162.9594386
2013-07-05,0.095673391,0,22.486875,0.387096774,0.514729173,0.774943494,164.1489235
2013-07-06,0.094791567,0,22.85239583,0.387096774,0.562242635,0.774943494,165.3384085
2013-07-07,0.094983912,0,23.42989583,0.387096774,0.609756098,0.774943494,166.5278934
2013-07-08,0.095073665,0,23.71875,0.400921659,0.625593918,0.802620047,167.7173784
2013-07-09,0.095810718,0,23.51979167,0.414746544,0.641431739,0.8302966,168.9068633
2013-07-10,0.095264895,0,23.4784375,0.428571429,0.65726956,0.857973154,170.0963483
2013-07-11,0.095647659,0,23.48072917,0.442396313,0.67310738,0.885649707,171.2858332
2013-07-12,0.094075781,0,23.94520833,0.456221198,0.688945201,0.91332626,172.4753182
2013-07-13,0.093824707,0,24.13510417,0.470046083,0.704783022,0.941002814,173.6648031
2013-07-14,0.093973586,0,24.35729167,0.483870968,0.720620843,0.968679367,174.8542881
2013-07-15,0.094307134,0,23.8721875,0.534562212,0.807728857,1.070160063,177.233258
2013-07-16,0.0926648,0,23.0546875,0.585253456,0.89483687,1.171640758,179.6122279
2013-07-17,0.092216706,0,22.746875,0.6359447,0.981944884,1.273121454,181.9911978
2013-07-18,0.091028956,0,22.89260417,0.686635945,1.069052898,1.37460215,184.3701677
2013-07-19,0.0911808,0,22.80760417,0.737327189,1.156160912,1.476082845,186.7491376
2013-07-20,0.091775739,0,22.831875,0.788018433,1.243268926,1.577563541,189.1281075
2013-07-21,0.092266329,0,23.081875,0.838709677,1.33037694,1.679044236,191.5070774
2013-07-22,0.088562453,0,23.66604167,0.797235023,1.203674374,1.596014576,189.1281075
2013-07-23,0.086343128,0,24.39125,0.755760369,1.076971809,1.512984916,186.7491376
2013-07-24,0.091494696,0,23.85208333,0.714285714,0.950269243,1.429955256,184.3701677
2013-07-25,0.096565199,0,23.18625,0.67281106,0.823566677,1.346925596,181.9911978
2013-07-26,0.087333233,0,24.45052083,0.631336406,0.696864111,1.263895936,179.6122279
2013-07-27,0.087057466,0,24.48020833,0.589861751,0.570161546,1.180866276,177.233258
2013-07-28,0.085886739,0,23.20760417,0.548387097,0.44345898,1.097836616,174.8542881
2013-07-29,0.085387951,0,22.23958333,0.546082949,0.490972442,1.093223857,174.8542881
2013-07-30,0.085481206,0,22.02333333,0.543778802,0.538485904,1.088611098,174.8542881
2013-07-31,0.08599544,0,22.52635417,0.541474654,0.585999366,1.083998339,174.8542881
2013-08-01,0.087159057,0,22.11239583,0.539170507,0.633512829,1.079385581,174.8542881
2013-08-02,0.086615487,0,21.73625,0.536866359,0.681026291,1.074772822,174.8542881
2013-08-03,0.086508273,0,22.12802083,0.534562212,0.728539753,1.070160063,174.8542881
2013-08-04,0.08538557,0,22.61921348,0.532258065,0.776053215,1.065547304,174.8542881
2013-08-05,0.085152815,0,23.4534375,0.552995392,0.744377574,1.107062134,177.233258
2013-08-06,0.085375037,0,23.60125,0.573732719,0.712701932,1.148576964,179.6122279
2013-08-07,0.084752945,0,23.76260417,0.594470046,0.681026291,1.190091794,181.9911978
2013-08-08,0.085646474,0,23.335,0.615207373,0.649350649,1.231606624,184.3701677
2013-08-09,0.096487515,0,21.5925,0.6359447,0.617675008,1.273121454,186.7491376
2013-08-10,0.09147195,0,21.2203125,0.656682028,0.585999366,1.314636284,189.1281075
2013-08-11,0.097265982,0,20.9296875,0.677419355,0.554323725,1.356151114,191.5070774
2013-08-12,0.116277726,0,20.33364583,0.649769585,0.538485904,1.300798007,189.1281075
2013-08-13,0.096286225,0,20.591875,0.622119816,0.522648084,1.245444901,186.7491376
2013-08-14,0.089849155,0,20.60333333,0.594470046,0.506810263,1.190091794,184.3701677
2013-08-15,0.088967457,0,21.21458333,0.566820276,0.490972442,1.134738687,181.9911978
2013-08-16,0.088392316,0,21.39114583,0.539170507,0.475134621,1.079385581,179.6122279
2013-08-17,0.088602991,0,21.91864583,0.511520737,0.459296801,1.024032474,177.233258
2013-08-18,0.08992194,0,22.05614583,0.483870968,0.44345898,0.968679367,174.8542881
2013-08-19,0.088810723,0,22.2090625,0.49078341,0.490972442,0.982517644,174.8542881
2013-08-20,0.085894634,0,22.72208333,0.497695853,0.538485904,0.99635592,174.8542881
2013-08-21,0.085372425,0,23.30604167,0.504608295,0.585999366,1.010194197,174.8542881
2013-08-22,0.082340786,0,23.12635417,0.511520737,0.633512829,1.024032474,174.8542881
2013-08-23,0.077298062,0,22.95479167,0.51843318,0.681026291,1.03787075,174.8542881
2013-08-24,0.099375352,0,21.74645833,0.525345622,0.728539753,1.051709027,174.8542881
2013-08-25,0.090317773,0,21.603125,0.532258065,0.776053215,1.065547304,174.8542881
2013-08-26,0.086088764,0,21.83145833,0.605734767,0.769894063,1.21264306,172.0788232
2013-08-27,0.083295442,0,22.34447917,0.67921147,0.76373491,1.359738815,169.3033583
2013-08-28,0.074814451,0,23.1965625,0.752688172,0.757575758,1.506834571,166.5278934
2013-08-29,0.05262225,0,22.14916667,0.826164875,0.751416605,1.653930327,163.7524285
2013-08-30,0.049678486,0,23.13552083,0.899641577,0.745257453,1.801026083,160.9769636
2013-08-31,0.047162685,0,23.6165625,0.97311828,0.7390983,1.948121838,158.2014988
2013-09-01,0.044903742,0,23.87875,1.046594982,0.732939148,2.095217594,155.4260339
2013-09-02,0.044408294,0,23.97104167,1.120071685,0.726779995,2.24231335,152.650569
2013-09-03,0.045845935,0,23.55208333,1.193548387,0.720620843,2.389409106,149.8751041
2013-09-04,0.046502328,0,23.5696875,1.238709677,0.78713969,2.47981918,156.5362198
2013-09-05,0.046291868,0,23.49885417,1.283870968,0.853658537,2.570229254,163.1973356
2013-09-06,0.046831117,0,23.59479167,1.329032258,0.920177384,2.660639328,169.8584513
2013-09-07,0.046491256,0,22.633125,1.374193548,0.986696231,2.751049403,176.519567
2013-09-08,0.045261739,0,21.42427083,1.419354839,1.053215078,2.841459477,183.1806828
2013-09-09,0.044413686,0,21.14583333,1.359447005,1.164079823,2.721527746,180.8017129
2013-09-10,0.043575506,0,21.38072917,1.299539171,1.274944568,2.601596015,178.422743
2013-09-11,0.04334781,0,21.78052083,1.239631336,1.385809313,2.481664283,176.043773
2013-09-12,0.044213463,0,21.4609375,1.179723502,1.496674058,2.361732552,173.6648031
2013-09-13,0.044390361,0,20.34447917,1.119815668,1.607538803,2.241800821,171.2858332
2013-09-14,0.041371387,0,19.0378125,1.059907834,1.718403548,2.12186909,168.9068633
2013-09-15,0.041105776,0,19.42677083,1,1.829268293,2.001937359,166.5278934
2013-09-16,0.040197905,0,19.82864583,1.025345622,1.662971175,2.052677707,165.3384085
2013-09-17,0.038694058,0,18.99270833,1.050691244,1.496674058,2.103418054,164.1489235
2013-09-18,0.035352853,0,19.11229167,1.076036866,1.33037694,2.154158402,162.9594386
2013-09-19,0.034513654,0,18.89520833,1.101382488,1.164079823,2.20489875,161.7699536
2013-09-20,0.03343335,0,18.9521875,1.126728111,0.997782705,2.255639098,160.5804687
2013-09-21,0.031319809,0,19.34302083,1.152073733,0.831485588,2.306379446,159.3909837
2013-09-22,0.028321912,0,18.05333333,1.177419355,0.66518847,2.357119793,158.2014988
2013-09-23,0.026703846,0,16.61833333,1.202764977,0.633512829,2.407860141,155.8225288
2013-09-24,0.026343506,0,16.61041667,1.228110599,0.601837187,2.458600489,153.4435589
2013-09-25,0.025927034,0,17.640625,1.253456221,0.570161546,2.509340837,151.064589
2013-09-26,0.02499453,0,18.02958333,1.278801843,0.538485904,2.560081185,148.6856191
2013-09-27,0.024594506,0,17.6215625,1.304147465,0.506810263,2.610821532,146.3066492
2013-09-28,0.023775347,0,17.631875,1.329493088,0.475134621,2.66156188,143.9276793
2013-09-29,0.023603429,0,18.13625,1.35483871,0.44345898,2.712302228,141.5487094
2013-09-30,0.023878674,0,18.3153125,1.292626728,0.44345898,2.587757738,142.7381944
2013-10-01,0.023003643,0,18.42572917,1.230414747,0.44345898,2.463213248,143.9276793
2013-10-02,0.022649396,0,18.67239583,1.168202765,0.44345898,2.338668758,145.1171643
2013-10-03,0.023040747,0,18.86260417,1.105990783,0.44345898,2.214124268,146.3066492
2013-10-04,0.022773876,0,16.06150538,1.043778802,0.44345898,2.089579778,147.4961342
2013-10-05,0.021600016,0,13.779375,0.98156682,0.44345898,1.965035288,148.6856191
2013-10-06,0.02080719,0,14.47510417,0.919354839,0.44345898,1.840490798,149.8751041
2013-10-07,0.024167923,0,15.504375,0.82437276,0.437299828,1.650342625,163.7524285
2013-10-08,0.02846083,0,16.17104167,0.729390681,0.431140675,1.460194453,177.629753
2013-10-09,0.025440408,0,15.64822917,0.634408602,0.424981523,1.270046281,191.5070774
2013-10-10,0.02452679,0,16.2240625,0.539426523,0.41882237,1.079898109,205.3844019
2013-10-11,0.025030609,0,16.4053125,0.444444444,0.412663218,0.889749937,219.2617263
2013-10-12,0.030516051,0,15.028125,0.349462366,0.406504065,0.699601765,233.1390508
2013-10-13,0.03152028,0,15.47010417,0.254480287,0.400344913,0.509453593,247.0163752
2013-10-14,0.034191212,0,17.11895833,0.159498208,0.39418576,0.319305421,260.8936997
2013-10-15,0.053236725,0,16.57739583,0.064516129,0.388026608,0.129157249,274.7710241
2013-10-16,0.042904875,0,15.57729167,0.056451613,0.360310421,0.113012593,258.1182348
2013-10-17,0.039207074,0,15.56083333,0.048387097,0.332594235,0.096867937,241.4654455
2013-10-18,0.037223253,0,15.364375,0.040322581,0.304878049,0.080723281,224.8126561
2013-10-19,0.036435398,0,13.70677083,0.032258065,0.277161863,0.064578624,208.1598668
2013-10-20,0.035163766,0,13.79302083,0.024193548,0.249445676,0.048433968,191.5070774
2013-10-21,0.031442833,0,14.0240625,0.016129032,0.22172949,0.032289312,174.8542881
2013-10-22,0.030209736,0,12.783125,0.008064516,0.194013304,0.016144656,158.2014988
2013-10-23,0.026779314,0,12.18375,0,0.166297118,0,141.5487094
2013-10-24,0.020861487,0,12.18635417,0.000896057,0.178615423,0.001793851,148.9499491
2013-10-25,0.020143723,0,12.41354167,0.001792115,0.190933728,0.003587701,156.3511888
2013-10-26,0.015844269,0,12.90083333,0.002688172,0.203252033,0.005381552,163.7524285
2013-10-27,0.008978991,0,12.40895833,0.003584229,0.215570338,0.007175403,171.1536682
2013-10-28,0.008188013,0,13.8734375,0.004480287,0.227888643,0.008969253,178.5549079
2013-10-29,0.006578833,0,13.83625,0.005376344,0.240206948,0.010763104,185.9561477
2013-10-30,0.005811804,0,11.4784375,0.006272401,0.252525253,0.012556955,193.3573874
2013-10-31,0.006134263,0,10.13458333,0.007168459,0.264843558,0.014350805,200.7586271
2013-11-01,0.00964503,0,9.594166667,0.008064516,0.277161863,0.016144656,208.1598668
2013-11-02,0.006037421,0,7.489270833,0.008960573,0.289480168,0.017938507,215.5611065
2013-11-03,0.005175377,0,7.9390625,0.009856631,0.301798473,0.019732357,222.9623462
2013-11-04,0.005010359,0,9.940104167,0.010752688,0.314116778,0.021526208,230.3635859
2013-11-05,0.004712985,0,11.14302083,0.011648746,0.326435083,0.023320059,237.7648256
2013-11-06,0.005140589,0,11.68604167,0.012544803,0.338753388,0.02511391,245.1660653
2013-11-07,0.004954559,0,9.294166667,0.01344086,0.351071693,0.02690776,252.567305
2013-11-08,0.005413033,0,7.6971875,0.014336918,0.363389998,0.028701611,259.9685447
2013-11-09,0.005497351,0,8.73,0.015232975,0.375708303,0.030495462,267.3697844
2013-11-10,0.005496663,0,8.990833333,0.016129032,0.388026608,0.032289312,274.7710241
2013-11-11,0.005440648,0,9.386354167,0.015591398,0.388026608,0.031213002,273.2571342
2013-11-12,0.005312723,0,10.12260417,0.015053763,0.388026608,0.030136691,271.7432443
2013-11-13,0.004891253,0,8.494791667,0.014516129,0.388026608,0.029060381,270.2293543
2013-11-14,0.005675487,0,5.2659375,0.013978495,0.388026608,0.027984071,268.7154644
2013-11-15,0.005465213,0,3.790729167,0.01344086,0.388026608,0.02690776,267.2015744
2013-11-16,0.005080112,0,5.318333333,0.012903226,0.388026608,0.02583145,265.6876845
2013-11-17,0.009198332,0,6.330625,0.012365591,0.388026608,0.024755139,264.1737946
2013-11-18,0.007594129,0,2.660104167,0.011827957,0.388026608,0.023678829,262.6599046
2013-11-19,0.006341815,0,1.708854167,0.011290323,0.388026608,0.022602519,261.1460147
2013-11-20,0.005927761,0,3.343229167,0.010752688,0.388026608,0.021526208,259.6321247
2013-11-21,0.006374699,0,2.803229167,0.010215054,0.388026608,0.020449898,258.1182348
2013-11-22,0.006403379,0,2.822395833,0.009677419,0.388026608,0.019373587,256.6043449
2013-11-23,0.008143686,0,4.743125,0.009139785,0.388026608,0.018297277,255.0904549
2013-11-24,0.012417587,0,8.758958333,0.008602151,0.388026608,0.017220967,253.576565
2013-11-25,0.007827556,0,8.379166667,0.008064516,0.388026608,0.016144656,252.062675
2013-11-26,0.02189544,0,6.574791667,0.007526882,0.388026608,0.015068346,250.5487851
2013-11-27,0.015085493,0,5.937395833,0.006989247,0.388026608,0.013992035,249.0348952
2013-11-28,0.011103443,0,4.231041667,0.006451613,0.388026608,0.012915725,247.5210052
2013-11-29,0.008993968,0,4.385729167,0.005913978,0.388026608,0.011839414,246.0071153
2013-11-30,0.007862014,0,5.888958333,0.005376344,0.388026608,0.010763104,244.4932253
2013-12-01,0.007121302,0,8.055625,0.00483871,0.388026608,0.009686794,242.9793354
2013-12-02,0.013412939,0,7.26375,0.004301075,0.388026608,0.008610483,241.4654455
2013-12-03,0.011614989,0,7.238125,0.003763441,0.388026608,0.007534173,239.9515555
2013-12-04,0.010500413,0,6.811145833,0.003225806,0.388026608,0.006457862,238.4376656
2013-12-05,0.011052124,0,6.448645833,0.002688172,0.388026608,0.005381552,236.9237756
2013-12-06,0.0112903,0,7.4625,0.002150538,0.388026608,0.004305242,235.4098857
2013-12-07,0.011661784,0,6.205729167,0.001612903,0.388026608,0.003228931,233.8959958
2013-12-08,0.011257306,0,4.623020833,0.001075269,0.388026608,0.002152621,232.3821058
2013-12-09,0.011938207,0,5.431145833,0.000537634,0.388026608,0.00107631,230.8682159
2013-12-10,0.011789023,0,4.771612903,0,0.388026608,0,229.3543259
2013-12-11,0.012120377,0,3.103854167,0.004449388,0.394716721,0.008907396,227.840436
2013-12-12,0.011578665,0,3.704479167,0.008898776,0.401406835,0.017814793,226.3265461
2013-12-13,0.01129419,0,4.1665625,0.013348165,0.408096949,0.026722189,224.8126561
2013-12-14,0.012263808,0,4.375833333,0.017797553,0.414787063,0.035629586,223.2987662
2013-12-15,0.01102383,0,4.611666667,0.022246941,0.421477177,0.044536982,221.7848762
2013-12-16,0.010568115,0,5.818229167,0.026696329,0.428167291,0.053444379,220.2709863
2013-12-17,0.010027161,0,6.12325,0.031145717,0.434857405,0.062351775,218.7570964
2013-12-18,0.014738949,0,4.68745098,0.035595106,0.441547519,0.071259172,217.2432064
2013-12-19,0.015223275,0,3.819166667,0.040044494,0.448237633,0.080166568,215.7293165
2013-12-20,0.014893104,0,3.663958333,0.044493882,0.454927747,0.089073965,214.2154265
2013-12-21,0.014435789,0,4.569583333,0.04894327,0.461617861,0.097981361,212.7015366
2013-12-22,0.015458782,0,4.4721875,0.053392659,0.468307975,0.106888758,211.1876467
2013-12-23,0.016179019,0,5.319166667,0.057842047,0.474998089,0.115796154,209.6737567
2013-12-24,0.0226451,0,6.6328125,0.062291435,0.481688202,0.124703551,208.1598668
2013-12-25,0.022335989,0,6.158854167,0.066740823,0.488378316,0.133610947,206.6459768
2013-12-26,0.020852528,0,4.890833333,0.071190211,0.49506843,0.142518344,205.1320869
2013-12-27,0.020020689,0,5.745104167,0.0756396,0.501758544,0.15142574,203.618197
2013-12-28,0.019474945,0,6.9703125,0.080088988,0.508448658,0.160333137,202.104307
2013-12-29,0.021431371,0,6.439479167,0.084538376,0.515138772,0.169240533,200.5904171
2013-12-30,0.031585835,0,4.8253125,0.088987764,0.521828886,0.17814793,199.0765271
2013-12-31,0.089113211,0,3.803020833,0.093437152,0.528519,0.187055326,197.5626372
2014-01-01,0.088608089,0,3.646145833,0.097886541,0.535209114,0.195962723,196.0487473