time,Volume,Vol Snow,Vol Black Ice,Vol White Ice,Tot Inflow Vol,Tot Outflow Vol,Overflow Vol,Evaporation,Rain,Snowfall,Lake Level,Surface Area,Black Ice,Snow Height,Snow Density,White Ice,Albedo,Max Temp,Min Temp,Surface Temp,Daily Qsw,Daily Qe,Daily Qh,Daily Qlw,Light,Benthic Light,H_s,L,T,LakeNumber,Max dT/dz,CD
2000-04-01 24:00:00,3711200000.000002,    0.000000,    0.000000,    0.000000,    0.000000,    0.000000,    0.000000,    0.000000,    0.000000,    0.000000,   40.000000,161000000.000000,    0.000000,    0.000000,    0.000000,    0.000000,    0.080086,   17.639063,   17.639063,   17.639063,    0.000000,    0.000000,    0.000000,-5569207044550324.000000,    0.000000,  100.000000,    0.000000,    0.000000,    0.000000,    0.000000,    0.278598,-9999.000000
2000-04-02 24:00:00,3710921093.121687,    0.000000,    0.000000,    0.000000,    0.000000,    0.000000,    0.000000,-277417.989844,    0.000000,    0.000000,   39.998277,160998291.611404,    0.000000,    0.000000,    0.000000,    0.000000,    0.079742,   17.869992,   17.555686,   17.869992,3129562889947406.500000,-680506329087712.620000,322951505797487.560000,-773609387973710.620000,    0.000000,  100.000000,    0.188501,    4.669515,    1.729384,   64.059081,    0.305521,-9999.000000
2000-04-03 24:00:00,3710839833.581897,    0.000000,    0.000000,    0.000000,    0.000000,    0.000000,    0.000000,-80825.173562,    0.000000,    0.000000,   39.997775,160997793.872259,    0.000000,    0.000000,    0.000000,    0.000000,    0.079398,   17.982571,   17.480370,   17.982571,3108823482152600.000000,-198264150748659.090000,108332537545969.860000,-1454935631015657.500000,    0.000000,  100.000000,    0.028866,    0.791023,    0.711787,  821.046894,    0.315414,-9999.000000
2000-04-04 24:00:00,3710754788.451224,    0.000000,    0.000000,    0.000000,    0.000000,    0.000000,    0.000000,-84590.259679,    0.000000,    0.000000,   39.997249,160997272.945231,    0.000000,    0.000000,    0.000000,    0.000000,    0.079054,   18.130271,   17.403524,   18.130271,2961295944440825.500000,-207499906992019.440000,63162682721116.461000,-1577326046365916.000000,    0.000000,  100.000000,    0.054224,    1.421299,    0.954109,  367.298534,    0.525327,-9999.000000
2000-04-05 24:00:00,3710716772.063465,    0.000000,    0.000000,    0.000000,    0.000000,    0.000000,    0.000000,-37812.960766,    0.000000,    0.000000,   39.997015,160997040.083411,    0.000000,    0.000000,    0.000000,    0.000000,    0.078710,   18.897948,   17.325186,   18.897948,3125378242434990.500000,-92755192758867.609000,38579763283565.117000,-1433240716156538.500000,    0.000000,  100.000000,    0.066962,    1.733635,    1.053742,  132.276744,    0.732979,-9999.000000
2000-04-06 24:00:00,3710624551.133015,    0.000000,    0.000000,    0.000000,    0.000000,    0.000000,    0.000000,-91727.249864,    0.000000,    0.000000,   39.996445,160996475.202448,    0.000000,    0.000000,    0.000000,    0.000000,    0.078366,   18.766532,   17.252750,   18.766532,3089999548802644.500000,-225006943915752.750000,171685367398243.870000,-1155519994750949.200000,    0.000000,  100.000000,    0.464151,   10.940604,    2.647135,   12.159163,    0.321512,-9999.000000
2000-04-07 24:00:00,3710098375.560737,    0.000000,    0.000000,    0.000000,    0.000000,    0.000000,    0.000000,-523352.811031,    0.000000,    0.000000,   39.993194,160993252.218660,    0.000000,    0.000000,    0.000000,    0.000000,    0.078024,   18.452006,   17.211542,   18.452006,3897084990383774.500000,-1283784445459224.500000,317929245409395.250000,-1417473770167908.000000,    0.000000,  100.000000,    0.060475,    1.574752,    1.004296,  422.556130,    0.270660,-9999.000000
2000-04-08 24:00:00,3709823510.473898,    0.000000,    0.000000,    0.000000,    0.000000,    0.000000,    0.000000,-274674.276212, 1287.940875,    0.000000,   39.991496,160991568.587254,    0.000000,    0.000000,    0.000000,    0.000000,    0.077681,   18.497809,   17.145043,   18.497809,3096780877823071.000000,-673775999547726.120000,84609454070414.500000,-1651081886872747.700000,    0.000000,  100.000000,    0.004883,    0.150385,    0.310354, 6421.497382,    0.525327,-9999.000000
2000-04-09 24:00:00,3709387680.909243,    0.000000,    0.000000,    0.000000,    0.000000,    0.000000,    0.000000,-448290.202486,14811.140560,    0.000000,   39.988803,160988898.999962,    0.000000,    0.000000,    0.000000,    0.000000,    0.077340,   18.388026,   17.102554,   18.388026,2329888551248473.000000,-1099655866699183.900000,15973007802951.514000,-1713633713708251.000000,    0.000000,  100.000000,    0.057080,    1.491462,    0.977376,  540.186520,    0.258431,-9999.000000
2000-04-10 24:00:00,3708993720.095107,    0.000000,    0.000000,    0.000000,    0.000000,    0.000000,    0.000000,-391829.839468,    0.000000,    0.000000,   39.986369,160986485.871371,    0.000000,    0.000000,    0.000000,    0.000000,    0.076999,   18.468759,   17.035183,   18.468759,3754247694117957.000000,-961158596215763.120000,-19780040792699.480000,-1777193196602457.000000,    0.000000,  100.000000,    0.039140,    1.048561,    0.819506,  799.529465,    0.525327,-9999.000000
2000-04-11 24:00:00,3708864885.074189,    0.000000,    0.000000,    0.000000,    0.000000,    0.000000,    0.000000,-128136.823793,    0.000000,    0.000000,   39.985574,160985696.718082,    0.000000,    0.000000,    0.000000,    0.000000,    0.076659,   19.314385,   16.961632,   19.314385,3338144709790802.500000,-314319628764699.620000,-8993337579434.578100,-1563621603773683.500000,    0.000000,  100.000000,    0.028812,    0.789647,    0.711168,  451.067390,    0.670922,-9999.000000
2000-04-12 24:00:00,3708752538.866088,    0.000000,    0.000000,    0.000000,    0.000000,    0.000000,    0.000000,-111736.856691,    0.000000,    0.000000,   39.984879,160985008.563735,    0.000000,    0.000000,    0.000000,    0.000000,    0.076320,   19.826300,   16.889004,   19.826300,2769063498684564.000000,-274090509463419.810000,103397381994094.590000,-994647730676182.620000,    0.000000,  100.000000,    0.006479,    0.196934,    0.355153, 1817.945865,    0.509727,-9999.000000
2000-04-13 24:00:00,3708514413.332856,    0.000000,    0.000000,    0.000000,    0.000000,    0.000000,    0.000000,-236832.439896,    0.000000,    0.000000,   39.983408,160983549.973155,    0.000000,    0.000000,    0.000000,    0.000000,    0.075982,   18.713812,   16.849930,   18.713812,2435749399762560.500000,-580949975063981.870000,300504516567602.940000,-1173482870857642.500000,    0.000000,  100.000000,    0.085184,    2.178601,    1.181257,  348.094939,    0.525327,-9999.000000
2000-04-14 24:00:00,3708268698.495694,    0.000000,    0.000000,    0.000000,    0.000000,    0.000000,    0.000000,-244378.283214,    0.000000,    0.000000,   39.981890,160982044.895804,    0.000000,    0.000000,    0.000000,    0.000000,    0.075646,   18.817681,   16.798554,   18.817681,3460909602735861.000000,-599459928722993.120000,215089882195372.340000,-1505002937324903.000000,    0.000000,  100.000000,    0.011694,    0.343006,    0.468712, 3243.820379,    0.525327,-9999.000000
2000-04-15 24:00:00,3708150059.601800,    0.000000,    0.000000,    0.000000,    0.000000,    0.000000,    0.000000,-117992.726543,    0.000000,    0.000000,   39.981157,160981318.196862,    0.000000,    0.000000,    0.000000,    0.000000,    0.075310,   19.119389,   16.732114,   19.119389,3803961703436639.500000,-289436158209195.870000,68055724995450.289000,-1562965727721392.700000,    0.000000,  100.000000,    0.053399,    1.401004,    0.947273,  485.704024,    0.525327,-9999.000000
2000-04-16 24:00:00,3708028485.587814,    0.000000,    0.000000,    0.000000,    0.000000,    0.000000,    0.000000,-120911.322783,    0.000000,    0.000000,   39.980406,160980573.519426,    0.000000,    0.000000,    0.000000,    0.000000,    0.074976,   19.450226,   16.666102,   19.450226,3906385448985274.000000,-296595474786810.500000,127866303193414.120000,-1405815001666652.500000,    0.000000,  100.000000,    0.014841,    0.427968,    0.523554, 1720.840027,    0.525327,-9999.000000
2000-04-17 24:00:00,3707888676.710684,    0.000000,    0.000000,    0.000000,    0.000000,    0.000000,    0.000000,-139046.082283,    0.000000,    0.000000,   39.979542,160979717.147963,    0.000000,    0.000000,    0.000000,    0.000000,    0.074644,   20.101952,   16.598224,   20.101952,3345540841548399.000000,-341080039840191.690000,103892390875541.390000,-1230672277321484.500000,    0.000000,  100.000000,    0.046145,    1.222198,    0.884761,  356.801791,    0.525327,-9999.000000
2000-04-18 24:00:00,3707702607.900620,    0.000000,    0.000000,    0.000000,    0.000000,    0.000000,    0.000000,-185052.494355,    0.000000,    0.000000,   39.978393,160978577.420485,    0.000000,    0.000000,    0.000000,    0.000000,    0.074313,   20.138528,   16.532367,   20.138528,2734540699704122.500000,-453933768653211.370000,181785666982901.410000,-1058335096217819.600000,    0.000000,  100.000000,    0.065739,    1.703705,    1.044606,  253.327216,    0.525327,-9999.000000
2000-04-19 24:00:00,3707075319.525904,    0.000000,    0.000000,    0.000000,    0.000000,    0.000000,    0.000000,-632545.615007, 8692.755483,    0.000000,   39.974518,160974735.090341,    0.000000,    0.000000,    0.000000,    0.000000,    0.073984,   19.337982,   16.506168,   19.337982,2290073959249971.000000,-1551634393611405.000000,450394840413538.190000,-1149315920852983.500000,    0.000000,  100.000000,    0.011198,    0.329431,    0.459344, 3487.551751,    0.525327,-9999.000000
2000-04-20 24:00:00,3706686154.594998,    0.000000,    0.000000,    0.000000,    0.000000,    0.000000,    0.000000,-387025.996515,    0.000000,    0.000000,   39.972113,160972351.337979,    0.000000,    0.000000,    0.000000,    0.000000,    0.073656,   19.369041,   16.455176,   19.369041,3014025617512277.500000,-949374769450633.870000,193544584780531.660000,-1462156732210969.500000,    0.000000,  100.000000,    0.023672,    0.658697,    0.649528, 1626.850717,    0.525327,-9999.000000
2000-04-21 24:00:00,3706475715.727418,    0.000000,    0.000000,    0.000000,    0.000000,    0.000000,    0.000000,-209279.791824,    0.000000,    0.000000,   39.970813,160971062.336562,    0.000000,    0.000000,    0.000000,    0.000000,    0.073331,   19.450013,   16.395195,   19.450013,2659916781189227.500000,-513363329344141.370000,60985609139081.305000,-1591275846790497.500000,    0.000000,  100.000000,    0.010851,    0.319913,    0.452659, 3458.101960,    0.525327,-9999.000000
2000-04-22 24:00:00,3706007582.696834,    0.000000,    0.000000,    0.000000,    0.000000,    0.000000,    0.000000,-465548.696647,    0.000000,    0.000000,   39.967921,160968194.880816,    0.000000,    0.000000,    0.000000,    0.000000,    0.073007,   19.567394,   16.349196,   19.567394,3926839603946293.500000,-1141990952875403.200000,102013480591670.330000,-1584940064216598.200000,    0.000000,  100.000000,    0.037926,    1.018336,    0.807609,  885.051247,    0.525327,-9999.000000
2000-04-23 24:00:00,3705763345.831269,    0.000000,    0.000000,    0.000000,    0.000000,    0.000000,    0.000000,-242885.210927,    0.000000,    0.000000,   39.966412,160966698.856486,    0.000000,    0.000000,    0.000000,    0.000000,    0.072686,   19.794277,   16.289513,   19.794277,3818608890654946.500000,-595797422404298.120000,30899317602582.684000,-1642636236445174.000000,    0.000000,  100.000000,    0.012079,    0.353525,    0.475845, 2664.761466,    0.525327,-9999.000000
2000-04-24 24:00:00,3705526317.627547,    0.000000,    0.000000,    0.000000,    0.000000,    0.000000,    0.000000,-235714.296366,    0.000000,    0.000000,   39.964948,160965246.987379,    0.000000,    0.000000,    0.000000,    0.000000,    0.072366,   19.982485,   16.232307,   19.982485,3983247196518610.500000,-578207168986802.000000,94782115335138.969000,-1556126930532615.500000,    0.000000,  100.000000,    0.058466,    1.525466,    0.988455,  459.306386,    0.525327,-9999.000000
2000-04-25 24:00:00,3705215344.926585,    0.000000,    0.000000,    0.000000,    0.000000,    0.000000,    0.000000,-309245.701567,    0.000000,    0.000000,   39.963026,160963342.185966,    0.000000,    0.000000,    0.000000,    0.000000,    0.072049,   20.136966,   16.180741,   20.136966,4018708617395085.000000,-758579705944927.620000,136386565107493.440000,-1531747039020056.200000,    0.000000,  100.000000,    0.064944,    1.684223,    1.038617,  403.228136,    0.525327,-9999.000000
2000-04-26 24:00:00,3704942392.103017,    0.000000,    0.000000,    0.000000,    0.000000,    0.000000,    0.000000,-271433.922650,    0.000000,    0.000000,   39.961340,160961670.267748,    0.000000,    0.000000,    0.000000,    0.000000,    0.071734,   20.417636,   16.126150,   20.417636,4192154319822854.000000,-665827412261067.120000,133945734322685.610000,-1481362417310350.200000,    0.000000,  100.000000,    0.008759,    0.261777,    0.409469, 3319.909320,    0.525327,-9999.000000
2000-04-27 24:00:00,3704699508.588080,    0.000000,    0.000000,    0.000000,    0.000000,    0.000000,    0.000000,-241529.531943,    0.000000,    0.000000,   39.959840,160960182.533098,    0.000000,    0.000000,    0.000000,    0.000000,    0.071422,   20.594420,   16.069598,   20.594420,3090652312204026.500000,-592471941857042.620000,109588368053721.360000,-1404496425753294.500000,    0.000000,  100.000000,    0.212148,    5.228940,    1.830047,   71.260422,    0.525327,-9999.000000
2000-04-28 24:00:00,3704314147.262006,    0.000000,    0.000000,    0.000000,    0.000000,    0.000000,    0.000000,-383208.579041,    0.000000,    0.000000,   39.957459,160957822.078961,    0.000000,    0.000000,    0.000000,    0.000000,    0.071112,   20.699607,   16.036157,   20.699607,3740275661902179.500000,-940010644387302.500000,290707192373646.870000,-1299295465690813.700000,    0.000000,  100.000000,    0.125334,    3.153901,    1.421279,  156.966371,    0.270688,-9999.000000
2000-04-29 24:00:00,3703873423.564060,    0.000000,    0.000000,    0.000000,    0.000000,    0.000000,    0.000000,-438254.864818,    0.000000,    0.000000,   39.954736,160955122.513629,    0.000000,    0.000000,    0.000000,    0.000000,    0.070805,   20.697479,   15.996583,   20.697479,3499364848221427.500000,-1075039183399121.600000,91013523561875.391000,-1541801157410019.500000,    0.000000,  100.000000,    0.045303,    1.201378,    0.877193,  595.911144,    0.525327,-9999.000000
2000-04-30 24:00:00,3703537587.131020,    0.000000,    0.000000,    0.000000,    0.000000,    0.000000,    0.000000,-333950.211590,    0.000000,    0.000000,   39.952661,160953065.414371,    0.000000,    0.000000,    0.000000,    0.000000,    0.070501,   20.837046,   15.953291,   20.837046,3919610256852591.000000,-819179869030323.000000,76605300717799.531000,-1592842048055224.700000,    0.000000,  100.000000,    0.006598,    0.200376,    0.358243, 4557.870850,    0.337191,-9999.000000
2000-05-01 24:00:00,3703314495.844498,    0.000000,    0.000000,    0.000000,    0.000000,    0.000000,    0.000000,-221835.877091,    0.000000,    0.000000,   39.951283,160951698.913078,    0.000000,    0.000000,    0.000000,    0.000000,    0.070199,   21.286331,   15.898489,   21.286331,4074716318470488.000000,-544163406505238.620000,38267235395370.328000,-1562904396221351.700000,    0.000000,  100.000000,    0.024554,    0.681289,    0.660573, 1017.229573,    0.525327,-9999.000000
2000-05-02 24:00:00,3702975726.381628,    0.000000,    0.000000,    0.000000,    0.000000,    0.000000,    0.000000,-336859.569324,    0.000000,    0.000000,   39.949190,160949623.848130,    0.000000,    0.000000,    0.000000,    0.000000,    0.069901,   21.511974,   15.847375,   21.511974,4123927084526123.000000,-826316523552016.500000,213266667940785.870000,-1259719228634218.500000,    0.000000,  100.000000,    0.138772,    3.478560,    1.492640,  122.764589,    0.525327,-9999.000000
2000-05-03 24:00:00,3702829093.458822,    0.000000,    0.000000,    0.000000,    0.000000,    0.000000,    0.000000,-145804.834099,    0.000000,    0.000000,   39.948284,160948725.677333,    0.000000,    0.000000,    0.000000,    0.000000,    0.069605,   22.223470,   15.791699,   22.223470,3412374869294685.500000,-357659258045839.940000,58189880538435.898000,-1228585147225891.500000,    0.000000,  100.000000,    0.001524,    0.048331,    0.175941,13937.400939,    0.525327,-9999.000000
2000-05-04 24:00:00,3702356919.853314,    0.000000,    0.000000,    0.000000,    0.000000,    0.000000,    0.000000,-469501.744821,    0.000000,    0.000000,   39.945367,160945833.471850,    0.000000,    0.000000,    0.000000,    0.000000,    0.069313,   21.616657,   15.761090,   21.616657,3826487774879493.500000,-1151687780045455.000000,364706765429293.620000,-988693737510634.870000,    0.000000,  100.000000,    0.153454,    3.831990,    1.566634,  119.148231,    0.332749,-9999.000000
2000-05-05 24:00:00,3701958357.229038,    0.000000,    0.000000,    0.000000,    0.000000,    0.000000,    0.000000,-396300.726550,    0.000000,    0.000000,   39.942905,160943392.155787,    0.000000,    0.000000,    0.000000,    0.000000,    0.069023,   21.608918,   15.719783,   21.608918,3799174115826542.500000,-972125682227746.000000,111575827380148.640000,-1443367365355329.500000,    0.000000,  100.000000,    0.024496,    0.679825,    0.659863, 1201.498477,    0.330470,-9999.000000
2000-05-06 24:00:00,3701450089.360893,    0.000000,    0.000000,    0.000000,    0.000000,    0.000000,    0.000000,-505374.743637,    0.000000,    0.000000,   39.939765,160940278.862078,    0.000000,    0.000000,    0.000000,    0.000000,    0.068737,   21.709531,   15.680095,   21.709531,4242434040531405.000000,-1239684246142094.000000,49586952916546.234000,-1593494898253098.700000,    0.000000,  100.000000,    0.009417,    0.280181,    0.423618, 3275.912747,    0.331625,-9999.000000
2000-05-07 24:00:00,3700862190.947523,    0.000000,    0.000000,    0.000000,    0.000000,    0.000000,    0.000000,-584539.907823,    0.000000,    0.000000,   39.936132,160936677.807306,    0.000000,    0.000000,    0.000000,    0.000000,    0.068454,   21.825615,   15.648973,   21.825615,4396355534491535.500000,-1433876393890420.000000,-16798790543631.430000,-1733310392723770.200000,    0.000000,  100.000000,    0.140403,    3.517880,    1.501053,  143.317777,    0.331625,-9999.000000
2000-05-08 24:00:00,3700105008.361989,    0.000000,    0.000000,    0.000000,    0.000000,    0.000000,    0.000000,-752837.703752,    0.000000,    0.000000,   39.931455,160932039.836016,    0.000000,    0.000000,    0.000000,    0.000000,    0.068175,   21.863758,   15.626062,   21.863758,4170762304539133.000000,-1846710887303813.700000,33357266406734.086000,-1597550050514091.700000,    0.000000,  100.000000,    0.076076,    1.956366,    1.119388,  327.067816,    0.402142,-9999.000000
2000-05-09 24:00:00,3699710838.289869,    0.000000,    0.000000,    0.000000,    0.000000,    0.000000,    0.000000,-391899.557825,    0.000000,    0.000000,   39.929019,160929625.425658,    0.000000,    0.000000,    0.000000,    0.000000,    0.067899,   22.483996,   15.577041,   22.483996,4432752665912996.500000,-961329615345086.370000,36441940378276.625000,-1539004460223771.000000,    0.000000,  100.000000,    0.087182,    2.227262,    1.194376,  229.543092,    0.534640,-9999.000000
2000-05-10 24:00:00,3699247725.579206,    0.000000,    0.000000,    0.000000,    0.000000,    0.000000,    0.000000,-460437.638866,    0.000000,    0.000000,   39.926158,160926788.720883,    0.000000,    0.000000,    0.000000,    0.000000,    0.067627,   22.773981,   15.528979,   22.773981,4490503451675054.000000,-1129453528137500.200000,155831212821807.000000,-1160154188809746.500000,    0.000000,  100.000000,    0.074026,    1.906315,    1.104976,  276.867724,    0.525327,-9999.000000
2000-05-11 24:00:00,3698728428.580099,    0.000000,    0.000000,    0.000000,    0.000000,    0.000000,    0.000000,-516287.784488,    0.000000,    0.000000,   39.922950,160923607.870426,    0.000000,    0.000000,    0.000000,    0.000000,    0.067358,   22.968710,   15.483594,   22.968710,4318699116062887.000000,-1266453935349306.200000,222548526821898.720000,-1177251036012992.800000,    0.000000,  100.000000,    0.123039,    3.098323,    1.408701,  142.700720,    0.525327,-9999.000000
2000-05-12 24:00:00,3698218365.809989,    0.000000,    0.000000,    0.000000,    0.000000,    0.000000,    0.000000,-507097.049676,    0.000000,    0.000000,   39.919799,160920483.582402,    0.000000,    0.000000,    0.000000,    0.000000,    0.067093,   22.985253,   15.448281,   22.985253,4056402784941044.500000,-1243909062854583.000000,115028675178041.060000,-1480355472789550.000000,    0.000000,  100.000000,    0.151039,    3.773909,    1.554716,  111.617917,    0.264140,-9999.000000
2000-05-13 24:00:00,3697602842.170404,    0.000000,    0.000000,    0.000000,    0.000000,    0.000000,    0.000000,-611931.838899,    0.000000,    0.000000,   39.915996,160916713.314804,    0.000000,    0.000000,    0.000000,    0.000000,    0.066832,   22.957607,   15.419524,   22.957607,4282357912894703.000000,-1501068800819049.700000,179869626586770.280000,-1431737864858150.500000,    0.000000,  100.000000,    0.051184,    1.346481,    0.928657,  478.867410,    0.264140,-9999.000000
2000-05-14 24:00:00,3697029373.606173,    0.000000,    0.000000,    0.000000,    0.000000,    0.000000,    0.000000,-570109.323295,    0.000000,    0.000000,   39.912453,160913200.647202,    0.000000,    0.000000,    0.000000,    0.000000,    0.066575,   22.920810,   15.404372,   22.920810,4327419863644428.000000,-1398478170041987.700000,307785783102400.310000,-1304916168818153.500000,    0.000000,  100.000000,    0.010428,    0.308233,    0.444319, 2855.860376,    0.264140,-9999.000000
2000-05-15 24:00:00,3696471051.013016,    0.000000,    0.000000,    0.000000,    0.000000,    0.000000,    0.000000,-555039.993531,    0.000000,    0.000000,   39.909004,160909780.753233,    0.000000,    0.000000,    0.000000,    0.000000,    0.066322,   23.092347,   15.387061,   23.092347,4354717669776292.000000,-1361513104131400.700000,249048419434429.720000,-1357230579837190.200000,    0.000000,  100.000000,    0.085037,    2.174970,    1.180272,  272.668713,    0.267577,-9999.000000
2000-05-16 24:00:00,3695969365.043377,    0.000000,    0.000000,    0.000000,    0.000000,    0.000000,    0.000000,-498726.224565,    0.000000,    0.000000,   39.905904,160906707.775634,    0.000000,    0.000000,    0.000000,    0.000000,    0.066072,   23.115118,   15.385070,   23.115118,4272859009486421.000000,-1223375428856853.200000,152370156320006.720000,-1457871441947081.700000,    0.000000,  100.000000,    0.061092,    1.589849,    1.009098,  428.553953,    0.268732,-9999.000000
2000-05-17 24:00:00,3695697652.231952,    0.000000,    0.000000,    0.000000,    0.000000,    0.000000,    0.000000,-270105.779968,    0.000000,    0.000000,   39.904226,160905043.452864,    0.000000,    0.000000,    0.000000,    0.000000,    0.065827,   23.515449,   15.339344,   23.515449,4148571545634155.500000,-662569478261240.120000,86280354097539.266000,-1239474540610434.200000,    0.000000,  100.000000,    0.061776,    1.606610,    1.014403,  392.254800,    0.266104,-9999.000000
2000-05-18 24:00:00,3694930944.171386,    0.000000,    0.000000,    0.000000,    0.000000,    0.000000,    0.000000,-762312.559696,    0.000000,    0.000000,   39.899488,160900345.226456,    0.000000,    0.000000,    0.000000,    0.000000,    0.065587,   23.634293,   15.312325,   23.634293,4321689664840893.500000,-1869952708934311.000000,374096703797405.500000,-1025364666023660.000000,    0.000000,  100.000000,    0.153301,    3.828239,    1.565867,  119.398497,    0.266104,-9999.000000
2000-05-19 24:00:00,3694397686.283222,    0.000000,    0.000000,    0.000000,    0.000000,    0.000000,    0.000000,-531072.754117,    0.000000,    0.000000,   39.896187,160897066.557606,    0.000000,    0.000000,    0.000000,    0.000000,    0.065350,   23.529916,   15.283729,   23.529916,3788836078110745.500000,-1302721465849438.700000,109123255319748.530000,-1438879147758462.200000,    0.000000,  100.000000,    0.023991,    0.666876,    0.653549, 1239.423024,    0.525327,-9999.000000
2000-05-20 24:00:00,3693899164.812803,    0.000000,    0.000000,    0.000000,    0.000000,    0.000000,    0.000000,-496469.000867,    0.000000,    0.000000,   39.893102,160894001.461238,    0.000000,    0.000000,    0.000000,    0.000000,    0.065118,   23.645704,   15.261536,   23.645704,4282221462151230.500000,-1217838459126683.700000,168985113140731.220000,-1423968396064640.500000,    0.000000,  100.000000,    0.027401,    0.753854,    0.694863, 1084.885119,    0.262625,-9999.000000
2000-05-21 24:00:00,3693218411.802018,    0.000000,    0.000000,    0.000000,    0.000000,    0.000000,    0.000000,-677935.142609,    0.000000,    0.000000,   39.888888,160889815.937234,    0.000000,    0.000000,    0.000000,    0.000000,    0.064890,   23.889434,   15.231856,   23.889434,4588974039742867.000000,-1662974904819746.200000,159388313913851.280000,-1431854985142482.000000,    0.000000,  100.000000,    0.012376,    0.361597,    0.481247, 2424.762238,    0.262625,-9999.000000
2000-05-22 24:00:00,3692614685.546763,    0.000000,    0.000000,    0.000000,    0.000000,    0.000000,    0.000000,-601212.339091,    0.000000,    0.000000,   39.885151,160886104.002519,    0.000000,    0.000000,    0.000000,    0.000000,    0.064667,   23.936905,   15.202094,   23.936905,4534579028336976.000000,-1474773867791414.000000,70570154486882.531000,-1561452404758934.700000,    0.000000,  100.000000,    0.001859,    0.058811,    0.194082,16768.115182,    0.262625,-9999.000000
2000-05-23 24:00:00,3691888213.814535,    0.000000,    0.000000,    0.000000,    0.000000,    0.000000,    0.000000,-723428.228900,    0.000000,    0.000000,   39.880655,160881637.382725,    0.000000,    0.000000,    0.000000,    0.000000,    0.064448,   23.957194,   15.190144,   23.957194,4343635239579574.500000,-1774569445492739.200000,95912010498374.437000,-1496203872616547.200000,    0.000000,  100.000000,    0.038207,    1.025322,    0.810374,  761.322563,    0.283382,-9999.000000
2000-05-24 24:00:00,3690987588.208407,    0.000000,    0.000000,    0.000000,    0.000000,    0.000000,    0.000000,-896824.789121,    0.000000,    0.000000,   39.875080,160876099.999807,    0.000000,    0.000000,    0.000000,    0.000000,    0.064234,   24.048915,   15.191537,   24.048915,4562117314108712.000000,-2199911207713133.700000,109573557295634.670000,-1473237651815436.200000,    0.000000,  100.000000,    0.004031,    0.125061,    0.283019, 7860.213235,    0.288234,-9999.000000
2000-05-25 24:00:00,3690381985.817813,    0.000000,    0.000000,    0.000000,    0.000000,    0.000000,    0.000000,-603029.225356,    0.000000,    0.000000,   39.871332,160872376.529911,    0.000000,    0.000000,    0.000000,    0.000000,    0.064024,   24.232961,   15.155787,   24.232961,4370450413510855.500000,-1479230689799325.500000,157836649232157.120000,-1319890813811343.500000,    0.000000,  100.000000,    0.024066,    0.668797,    0.654490, 1248.587175,    0.288234,-9999.000000
2000-05-26 24:00:00,3689517786.991089,    0.000000,    0.000000,    0.000000,    0.000000,    0.000000,    0.000000,-860502.777658,    0.000000,    0.000000,   39.865983,160867063.112451,    0.000000,    0.000000,    0.000000,    0.000000,    0.063820,   24.230163,   15.144101,   24.230163,4303579274802737.000000,-2110813313595233.700000,126555469522583.800000,-1352311771659833.200000,    0.000000,  100.000000,    0.248551,    6.080985,    1.973524,   64.404151,    0.282781,-9999.000000
2000-05-27 24:00:00,3689024459.052309,    0.000000,    0.000000,    0.000000,    0.000000,    0.000000,    0.000000,-491205.181942,    0.000000,    0.000000,   39.862929,160864029.947857,    0.000000,    0.000000,    0.000000,    0.000000,    0.063620,   24.440650,   15.107812,   24.440650,4358426152659771.500000,-1204926311303130.000000,122794263665666.890000,-1373439303397494.500000,    0.000000,  100.000000,    0.015576,    0.447557,    0.535401, 1991.280317,    0.503668,-9999.000000
2000-05-28 24:00:00,3688467304.472847,    0.000000,    0.000000,    0.000000,    0.000000,    0.000000,    0.000000,-554746.083263,    0.000000,    0.000000,   39.859480,160860604.353216,    0.000000,    0.000000,    0.000000,    0.000000,    0.063425,   24.595383,   15.075184,   24.595383,4499912880243392.500000,-1360792142242981.500000,133345965016459.720000,-1280389871835906.500000,    0.000000,  100.000000,    0.020072,    0.565718,    0.601943, 1533.871065,    0.503668,-9999.000000
2000-05-29 24:00:00,3687954056.304129,    0.000000,    0.000000,    0.000000,    0.000000,    0.000000,    0.000000,-511019.015312,    0.000000,    0.000000,   39.856304,160857448.711601,    0.000000,    0.000000,    0.000000,    0.000000,    0.063234,   24.856993,   15.041656,   24.856993,4517882577757704.000000,-1253529644561085.200000,194767134216933.750000,-1198708785716588.500000,    0.000000,  100.000000,    0.015324,    0.440844,    0.531371, 1998.263610,    0.503668,-9999.000000
2000-05-30 24:00:00,3687572234.908436,    0.000000,    0.000000,    0.000000,    0.000000,    0.000000,    0.000000,-380156.454968,    0.000000,    0.000000,   39.853940,160855101.130920,    0.000000,    0.000000,    0.000000,    0.000000,    0.063049,   25.732615,   15.003376,   25.732615,4413911724693518.000000,-932523784035685.000000,140565699897218.310000,-1017255153861862.600000,    0.000000,  100.000000,    0.052164,    1.370582,    0.936932,  445.261384,    0.503668,-9999.000000
2000-05-31 24:00:00,3686658998.814689,    0.000000,    0.000000,    0.000000,    0.000000,    0.000000,    0.000000,-909232.087341,    0.000000,    0.000000,   39.848288,160849486.214010,    0.000000,    0.000000,    0.000000,    0.000000,    0.062869,   25.335567,   14.979323,   25.335567,4512409877992627.000000,-2230346310247309.700000,401424757433724.500000,-886480533424010.370000,    0.000000,  100.000000,    0.073803,    1.900815,    1.103381,  333.515610,    0.503668,-9999.000000
2000-06-01 24:00:00,3686233555.888308,    0.000000,    0.000000,    0.000000,    0.000000,    0.000000,    0.000000,-423566.504134,    0.000000,    0.000000,   39.845654,160846870.431851,    0.000000,    0.000000,    0.000000,    0.000000,    0.062694,   25.602598,   14.947974,   25.602598,4474570098214403.500000,-1039008634641246.500000,190235377316343.060000,-1201198262253539.000000,    0.000000,  100.000000,    0.060352,    1.571678,    1.003315,  422.557456,    0.503668,-9999.000000
2000-06-02 24:00:00,3685554895.303821,    0.000000,    0.000000,    0.000000,    0.000000,    0.000000,    0.000000,-675653.226613,    0.000000,    0.000000,   39.841454,160842697.772866,    0.000000,    0.000000,    0.000000,    0.000000,    0.062524,   25.638802,   14.936619,   25.638802,4440889358688672.500000,-1657377364880740.200000,163711283340308.810000,-1238310935433242.200000,    0.000000,  100.000000,    0.316496,    7.644486,    2.212736,   42.648038,    0.503668,-9999.000000
2000-06-03 24:00:00,3684890334.258377,    0.000000,    0.000000,    0.000000,    0.000000,    0.000000,    0.000000,-661599.140398,    0.000000,    0.000000,   39.837340,160838611.803119,    0.000000,    0.000000,    0.000000,    0.000000,    0.062359,   25.723497,   14.917206,   25.723497,4384539913615810.000000,-1622902691395475.000000,63368865372821.641000,-1370589157951141.000000,    0.000000,  100.000000,    0.002618,    0.082257,    0.229532,11913.582620,    0.503668,-9999.000000
2000-06-04 24:00:00,3684048758.912883,    0.000000,    0.000000,    0.000000,    0.000000,    0.000000,    0.000000,-837800.605736,    0.000000,    0.000000,   39.832131,160833437.483279,    0.000000,    0.000000,    0.000000,    0.000000,    0.062199,   25.708330,   14.902440,   25.708330,4421436911862570.500000,-2055124885869571.300000,90372524775415.141000,-1359493522192949.200000,    0.000000,  100.000000,    0.081140,    2.079912,    1.154192,  309.597396,    0.328205,-9999.000000
2000-06-05 24:00:00,3683240712.512096,    0.000000,    0.000000,    0.000000,    0.000000,    0.000000,    0.000000,-804396.733599,    0.000000,    0.000000,   39.827130,160828469.311926,    0.000000,    0.000000,    0.000000,    0.000000,    0.062045,   25.750628,   14.907178,   25.750628,4641560444629225.000000,-1973185187518776.500000,212920138056074.530000,-1310355916207003.700000,    0.000000,  100.000000,    0.078391,    2.012825,    1.135425,  328.615663,    0.352449,-9999.000000
2000-06-06 24:00:00,3682419548.798718,    0.000000,    0.000000,    0.000000,    0.000000,    0.000000,    0.000000,-817429.326161,    0.000000,    0.000000,   39.822047,160823420.490432,    0.000000,    0.000000,    0.000000,    0.000000,    0.061896,   25.758132,   14.911336,   25.758132,4617113140292734.000000,-2005154137073410.500000,48034436659234.750000,-1438066324844826.200000,    0.000000,  100.000000,    0.150388,    3.758110,    1.551459,  139.256436,    0.305800,-9999.000000
2000-06-07 24:00:00,3681639181.572485,    0.000000,    0.000000,    0.000000,    0.000000,    0.000000,    0.000000,-776794.587972,    0.000000,    0.000000,   39.817217,160818622.500991,    0.000000,    0.000000,    0.000000,    0.000000,    0.061753,   25.856255,   14.907935,   25.856255,4650381284299261.000000,-1905477124294280.700000,108822008013490.140000,-1427258776574163.700000,    0.000000,  100.000000,    0.098993,    2.514727,    1.269115,  247.760700,    0.326378,-9999.000000
2000-06-08 24:00:00,3680961678.874613,    0.000000,    0.000000,    0.000000,    0.000000,    0.000000,    0.000000,-674381.952609,    0.000000,    0.000000,   39.813024,160814456.961127,    0.000000,    0.000000,    0.000000,    0.000000,    0.061614,   26.029681,   14.907682,   26.029681,4394147697464877.500000,-1654258929749038.500000,172325060257100.220000,-1315642284259770.500000,    0.000000,  100.000000,    0.350556,    8.415960,    2.321706,   38.321185,    0.326378,-9999.000000
2000-06-09 24:00:00,3680383398.397062,    0.000000,    0.000000,    0.000000,    0.000000,    0.000000,    0.000000,-575603.011707,    0.000000,    0.000000,   39.809444,160810901.476566,    0.000000,    0.000000,    0.000000,    0.000000,    0.061482,   26.254492,   14.904822,   26.254492,4489718081214731.500000,-1411954187716394.500000,329681503067480.690000,-1090288748501248.700000,    0.000000,  100.000000,    0.052553,    1.380155,    0.940198,  538.783691,    0.326378,-9999.000000
2000-06-10 24:00:00,3679702717.322303,    0.000000,    0.000000,    0.000000,    0.000000,    0.000000,    0.000000,-677513.239472,    0.000000,    0.000000,   39.805231,160806716.394851,    0.000000,    0.000000,    0.000000,    0.000000,    0.061354,   26.441153,   14.935450,   26.441153,4546166346258780.000000,-1661939976424908.500000,359357016671825.750000,-1090122840835135.000000,    0.000000,  100.000000,    0.010019,    0.296916,    0.436086, 3226.350593,    0.326378,-9999.000000
2000-06-11 24:00:00,3679101662.806097,    0.000000,    0.000000,    0.000000,    0.000000,    0.000000,    0.000000,-598242.701834,    0.000000,    0.000000,   39.801511,160803020.886987,    0.000000,    0.000000,    0.000000,    0.000000,    0.061232,   26.647592,   14.910540,   26.647592,4573351030085814.000000,-1467489347599070.000000,186299377284165.870000,-1128789308604880.500000,    0.000000,  100.000000,    0.008385,    0.251257,    0.401157, 3850.245374,    0.326378,-9999.000000
2000-06-12 24:00:00,3678468404.750500,    0.000000,    0.000000,    0.000000,    0.000000,    0.000000,    0.000000,-631007.579846,    0.000000,    0.000000,   39.797587,160799118.343763,    0.000000,    0.000000,    0.000000,    0.000000,    0.061116,   26.824697,   14.886831,   26.824697,4506769859153128.000000,-1547861593362972.500000,341875572569337.370000,-973763044916851.370000,    0.000000,  100.000000,    0.155007,    3.869036,    1.574189,  131.200841,    0.326378,-9999.000000
2000-06-13 24:00:00,3677998357.641058,    0.000000,    0.000000,    0.000000,    0.000000,    0.000000,    0.000000,-468705.230305,    0.000000,    0.000000,   39.794672,160796217.404858,    0.000000,    0.000000,    0.000000,    0.000000,    0.061006,   27.199980,   14.855268,   27.199980,4479529634786249.000000,-1149733929939112.000000,147112862000471.500000,-931994245113313.000000,    0.000000,  100.000000,    0.027094,    0.746035,    0.691250, 1101.950146,    0.326378,-9999.000000
2000-06-14 24:00:00,3677233558.004290,    0.000000,    0.000000,    0.000000,    0.000000,    0.000000,    0.000000,-762598.475648,    0.000000,    0.000000,   39.789929,160791497.373663,    0.000000,    0.000000,    0.000000,    0.000000,    0.060901,   27.473338,   14.826082,   27.473338,4629623715076230.000000,-1870654060763611.700000,329992738033295.690000,-749462720328203.370000,    0.000000,  100.000000,    0.049116,    1.295496,    0.910906,  557.000336,    0.326378,-9999.000000
2000-06-15 24:00:00,3676464679.828662,    0.000000,    0.000000,    0.000000,    0.000000,    0.000000,    0.000000,-766642.720558,    0.000000,    0.000000,   39.785161,160786752.171389,    0.000000,    0.000000,    0.000000,    0.000000,    0.060801,   27.716538,   14.798386,   27.716538,4503745562361089.000000,-1880574593529269.000000,261569889651796.280000,-911247432304715.370000,    0.000000,  100.000000,    0.005378,    0.164941,    0.325027, 5706.063008,    0.326378,-9999.000000
2000-06-16 24:00:00,3675798685.662057,    0.000000,    0.000000,    0.000000,    0.000000,    0.000000,    0.000000,-664039.140652,    0.000000,    0.000000,   39.781031,160782641.927227,    0.000000,    0.000000,    0.000000,    0.000000,    0.060708,   27.853165,   14.776559,   27.853165,4475227617625637.000000,-1628888012018223.000000,272659676094710.940000,-998410891477417.870000,    0.000000,  100.000000,    0.224000,    5.507016,    1.878078,   73.086548,    0.326378,-9999.000000
2000-06-17 24:00:00,3675164808.277822,    0.000000,    0.000000,    0.000000,    0.000000,    0.000000,    0.000000,-632000.969335,    0.000000,    0.000000,   39.777100,160778729.894736,    0.000000,    0.000000,    0.000000,    0.000000,    0.060620,   28.034148,   14.753915,   28.034148,4494457325910857.500000,-1550298377779345.500000,230594183430440.940000,-1053352384224907.700000,    0.000000,  100.000000,    0.026762,    0.737603,    0.687332, 1106.090911,    0.326378,-9999.000000
2000-06-18 24:00:00,3674250593.755172,    0.000000,    0.000000,    0.000000,    0.000000,    0.000000,    0.000000,-911481.443554,    0.000000,    0.000000,   39.771431,160773087.735850,    0.000000,    0.000000,    0.000000,    0.000000,    0.060538,   28.076380,   14.735578,   28.076380,4620974254198907.000000,-2235863981037439.500000,230853767586314.440000,-1116646617278502.100000,    0.000000,  100.000000,    0.049551,    1.306211,    0.914665,  561.728467,    0.326378,-9999.000000
2000-06-19 24:00:00,3673362439.005688,    0.000000,    0.000000,    0.000000,    0.000000,    0.000000,    0.000000,-885468.746123,    0.000000,    0.000000,   39.765923,160767606.407247,    0.000000,    0.000000,    0.000000,    0.000000,    0.060461,   28.140561,   14.718873,   28.140561,4408680807580086.500000,-2172054834238571.000000,72738005925939.687000,-1258661563747746.000000,    0.000000,  100.000000,    0.030404,    0.829820,    0.729033,  983.121739,    0.326378,-9999.000000
2000-06-20 24:00:00,3672695645.744532,    0.000000,    0.000000,    0.000000,    0.000000,    0.000000,    0.000000,-664756.810506,    0.000000,    0.000000,   39.761788,160763491.231399,    0.000000,    0.000000,    0.000000,    0.000000,    0.060391,   28.213840,   14.693788,   28.213840,4231000271536384.000000,-1630648456170643.700000,32909003684911.758000,-1317894685815138.000000,    0.000000,  100.000000,    0.018828,    0.533264,    0.584422, 1656.008272,    0.326378,-9999.000000
2000-06-21 24:00:00,3671938634.931125,    0.000000,    0.000000,    0.000000,    0.000000,    0.000000,    0.000000,-754678.338794,    0.000000,    0.000000,   39.757094,160758819.269642,    0.000000,    0.000000,    0.000000,    0.000000,    0.060326,   28.384040,   14.669009,   28.384040,4619054196556655.000000,-1851225965061102.000000,76025569419061.656000,-1263254634084824.700000,    0.000000,  100.000000,    0.022101,    0.618230,    0.629261, 1390.867676,    0.326378,-9999.000000
2000-06-22 24:00:00,3671299732.175569,    0.000000,    0.000000,    0.000000,    0.000000,    0.000000,    0.000000,-636917.111081,    0.000000,    0.000000,   39.753132,160754876.222610,    0.000000,    0.000000,    0.000000,    0.000000,    0.060267,   28.670935,   14.643045,   28.670935,4549925648332321.000000,-1562357673482533.000000,13867547977380.768000,-1289627542423833.500000,    0.000000,  100.000000,    0.032787,    0.889784,    0.754915,  884.931240,    0.326378,-9999.000000
2000-06-23 24:00:00,3670157257.027250,    0.000000,    0.000000,    0.000000,    0.000000,    0.000000,    0.000000,-1138885.814138,    0.000000,    0.000000,   39.746047,160747825.332310,    0.000000,    0.000000,    0.000000,    0.000000,    0.060214,   28.562639,   14.633506,   28.562639,4690119096986068.000000,-2793686902080387.500000,86141769727585.484000,-1295405945329744.500000,    0.000000,  100.000000,    0.270165,    6.581458,    2.053130,   56.629204,    0.326378,-9999.000000
2000-06-24 24:00:00,3669326342.462159,    0.000000,    0.000000,    0.000000,    0.000000,    0.000000,    0.000000,-828272.476066,    0.000000,    0.000000,   39.740895,160742697.266762,    0.000000,    0.000000,    0.000000,    0.000000,    0.060166,   28.617005,   14.622908,   28.617005,4553097555848198.000000,-2031752383789714.700000,153493814092645.410000,-1193643729289201.000000,    0.000000,  100.000000,    0.189315,    4.688195,    1.732839,   98.167834,    0.326378,-9999.000000
2000-06-25 24:00:00,3668375095.631488,    0.000000,    0.000000,    0.000000,    0.000000,    0.000000,    0.000000,-948189.949916,    0.000000,    0.000000,   39.734996,160736826.559586,    0.000000,    0.000000,    0.000000,    0.000000,    0.060125,   28.737244,   14.622185,   28.737244,4528276971100118.000000,-2325909947144140.500000,203807151848359.750000,-1187192354690225.000000,    0.000000,  100.000000,    0.093736,    2.386768,    1.236404,  260.516813,    0.326378,-9999.000000
2000-06-26 24:00:00,3667525241.676350,    0.000000,    0.000000,    0.000000,    0.000000,    0.000000,    0.000000,-847093.368089,    0.000000,    0.000000,   39.729725,160731581.607853,    0.000000,    0.000000,    0.000000,    0.000000,    0.060090,   28.747995,   14.618590,   28.747995,4319867844682346.500000,-2077920031921359.500000,152599394174812.720000,-1210297928141025.500000,    0.000000,  100.000000,    0.131480,    3.302277,    1.454327,  167.064602,    0.326378,-9999.000000
2000-06-27 24:00:00,3666806463.558753,    0.000000,    0.000000,    0.000000,    0.000000,    0.000000,    0.000000,-716421.636794,    0.000000,    0.000000,   39.725268,160727145.602689,    0.000000,    0.000000,    0.000000,    0.000000,    0.060060,   28.761924,   14.620653,   28.761924,4185614393890347.500000,-1757382275056460.700000,117814635143762.390000,-1228267102239557.200000,    0.000000,  100.000000,    0.079764,    2.046288,    1.144824,  329.327905,    0.326378,-9999.000000
2000-06-28 24:00:00,3666233651.880799,    0.000000,    0.000000,    0.000000,    0.000000,    0.000000,    0.000000,-570919.424534,    0.000000,    0.000000,   39.721716,160723610.442813,    0.000000,    0.000000,    0.000000,    0.000000,    0.060036,   28.939079,   14.604853,   28.939079,4214513420335014.000000,-1400465348382472.000000,106784180381448.970000,-1186467368873593.000000,    0.000000,  100.000000,    0.016671,    0.476563,    0.552479, 1943.562582,    0.298548,-9999.000000
2000-06-29 24:00:00,3665441768.289987,    0.000000,    0.000000,    0.000000,    0.000000,    0.000000,    0.000000,-789247.180829,    0.000000,    0.000000,   39.716805,160718723.260507,    0.000000,    0.000000,    0.000000,    0.000000,    0.060019,   29.335872,   14.583444,   29.335872,4529497138163473.000000,-1936023334573941.000000,125971620170194.190000,-1169787957969216.000000,    0.000000,  100.000000,    0.042353,    1.128289,    0.850091,  673.353354,    0.298548,-9999.000000
2000-06-30 24:00:00,3664708166.162146,    0.000000,    0.000000,    0.000000,    0.000000,    0.000000,    0.000000,-731138.290033,    0.000000,    0.000000,   39.712256,160714195.767603,    0.000000,    0.000000,    0.000000,    0.000000,    0.060007,   29.313996,   14.562333,   29.313996,4299746441787682.500000,-1793482225450007.000000,60373683208672.883000,-1232747434799834.500000,    0.000000,  100.000000,    0.054617,    1.430882,    0.957320,  512.775748,    0.298548,-9999.000000
2000-07-01 24:00:00,3663970670.463700,    0.000000,    0.000000,    0.000000,    0.000000,    0.000000,    0.000000,-734997.889437,    0.000000,    0.000000,   39.707683,160709644.245170,    0.000000,    0.000000,    0.000000,    0.000000,    0.060001,   29.352908,   14.544609,   29.352908,4256510863436293.000000,-1802949822788125.500000,55681069985517.859000,-1199427391013509.000000,    0.000000,  100.000000,    0.193576,    4.789191,    1.751405,   96.273140,    0.298548,-9999.000000
2000-07-02 24:00:00,3663378110.172309,    0.000000,    0.000000,    0.000000,    0.000000,    0.000000,    0.000000,-590538.164760,    0.000000,    0.000000,   39.704008,160705987.204912,    0.000000,    0.000000,    0.000000,    0.000000,    0.060001,   29.592981,   14.524692,   29.592981,4176646630963786.000000,-1448590118157404.000000,87824157029307.344000,-1039525254202077.400000,    0.000000,  100.000000,    0.270048,    6.578543,    2.052675,   57.374217,    0.298548,-9999.000000
2000-07-03 24:00:00,3662939124.582403,    0.000000,    0.000000,    0.000000,    0.000000,    0.000000,    0.000000,-437478.837319,    0.000000,    0.000000,   39.701286,160703277.965028,    0.000000,    0.000000,    0.000000,    0.000000,    0.060007,   29.972476,   14.502744,   29.972476,4100273383439649.000000,-1073135587944085.100000,97024039599022.859000,-961056238939342.000000,    0.000000,  100.000000,    0.125203,    3.150490,    1.420511,  172.106118,    0.298548,-9999.000000
2000-07-04 24:00:00,3662173868.233413,    0.000000,    0.000000,    0.000000,    0.000000,    0.000000,    0.000000,-763658.427225,    0.000000,    0.000000,   39.696534,160698542.080311,    0.000000,    0.000000,    0.000000,    0.000000,    0.060019,   30.166950,   14.486564,   30.166950,4110983607965553.500000,-1873254121983539.500000,154846827791911.440000,-935864360991291.750000,    0.000000,  100.000000,    0.336444,    8.096279,    2.277184,   38.898853,    0.298548,-9999.000000
2000-07-05 24:00:00,3661073663.016230,    0.000000,    0.000000,    0.000000,    0.000000,    0.000000,    0.000000,-1098427.942857,    0.000000,    0.000000,   39.689698,160691726.357039,    0.000000,    0.000000,    0.000000,    0.000000,    0.060036,   30.082224,   14.482062,   30.082224,4521776029684162.000000,-2694443743829265.000000,212844218749268.660000,-1047591367833863.100000,    0.000000,  100.000000,    0.062875,    1.633482,    1.022851,  426.709917,    0.326378,-9999.000000
2000-07-06 24:00:00,3660359411.692383,    0.000000,    0.000000,    0.000000,    0.000000,    0.000000,    0.000000,-713072.177833,    0.000000,    0.000000,   39.685261,160687301.601280,    0.000000,    0.000000,    0.000000,    0.000000,    0.060060,   30.237506,   14.467066,   30.237506,4304007537062702.000000,-1749166052223745.500000,125866939380038.160000,-1050033380988838.600000,    0.000000,  100.000000,    0.011385,    0.334531,    0.462885, 2785.021038,    0.326378,-9999.000000
2000-07-07 24:00:00,3659956074.771772,    0.000000,    0.000000,    0.000000,    0.000000,    0.000000,    0.000000,-402662.278071,    0.000000,    0.000000,   39.682755,160684802.946672,    0.000000,    0.000000,    0.000000,    0.000000,    0.060090,   30.556808,   14.447669,   30.556808,4270759355005036.500000,-987730568107703.120000,109909005675192.580000,-962128693501919.500000,    0.000000,  100.000000,    0.016587,    0.474346,    0.551192, 1863.451975,    0.326378,-9999.000000
2000-07-08 24:00:00,3659145653.234887,    0.000000,    0.000000,    0.000000,    0.000000,    0.000000,    0.000000,-809047.511425,    0.000000,    0.000000,   39.677720,160679782.420643,    0.000000,    0.000000,    0.000000,    0.000000,    0.060125,   30.650467,   14.431642,   30.650467,4362252050767592.500000,-1984593545524423.200000,212458331323094.440000,-834445265709362.000000,    0.000000,  100.000000,    0.316748,    7.649079,    2.213400,   43.933004,    0.326378,-9999.000000
2000-07-09 24:00:00,3658299971.139262,    0.000000,    0.000000,    0.000000,    0.000000,    0.000000,    0.000000,-844221.167144,    0.000000,    0.000000,   39.672466,160674543.456994,    0.000000,    0.000000,    0.000000,    0.000000,    0.060166,   30.620378,   14.431087,   30.620378,4107627015532153.000000,-2070874523003255.700000,173049926936884.910000,-989884747305438.500000,    0.000000,  100.000000,    0.220136,    5.415891,    1.862475,   78.614360,    0.326378,-9999.000000
2000-07-10 24:00:00,3657209340.963867,    0.000000,    0.000000,    0.000000,    0.000000,    0.000000,    0.000000,-1088706.323584,    0.000000,    0.000000,   39.665690,160667787.050687,    0.000000,    0.000000,    0.000000,    0.000000,    0.060214,   30.634540,   14.427851,   30.634540,4223699376843406.500000,-2670596611751052.500000,215969830096233.780000,-969913507388454.500000,    0.000000,  100.000000,    0.044627,    1.184604,    0.871048,  657.068689,    0.326378,-9999.000000
2000-07-11 24:00:00,3656139923.629654,    0.000000,    0.000000,    0.000000,    0.000000,    0.000000,    0.000000,-1067486.249890,    0.000000,    0.000000,   39.659046,160661162.057005,    0.000000,    0.000000,    0.000000,    0.000000,    0.060267,   30.620756,   14.436530,   30.620756,4376047237380041.500000,-2618543770979053.500000,181417710393021.530000,-1086404160650042.000000,    0.000000,  100.000000,    0.118103,    2.978525,    1.381198,  195.871641,    0.326378,-9999.000000
2000-07-12 24:00:00,3655404516.832130,    0.000000,    0.000000,    0.000000,    0.000000,    0.000000,    0.000000,-734052.792408,    0.000000,    0.000000,   39.654477,160656606.244011,    0.000000,    0.000000,    0.000000,    0.000000,    0.060326,   30.684655,   14.436572,   30.684655,3761138075987803.000000,-1800631499776492.000000,115295843161438.530000,-1075168190077522.600000,    0.000000,  100.000000,    0.124451,    3.132248,    1.416392,  182.868330,    0.326378,-9999.000000
2000-07-13 24:00:00,3654652436.424398,    0.000000,    0.000000,    0.000000,    0.000000,    0.000000,    0.000000,-750674.262214,    0.000000,    0.000000,   39.649804,160651947.138730,    0.000000,    0.000000,    0.000000,    0.000000,    0.060391,   30.757615,   14.436352,   30.757615,4176505746783641.500000,-1841403965209850.700000,157222695031972.500000,-1019768707728382.700000,    0.000000,  100.000000,    0.079791,    2.046919,    1.145001,  331.290602,    0.428924,-9999.000000
2000-07-14 24:00:00,3653686064.582194,    0.000000,    0.000000,    0.000000,    0.000000,    0.000000,    0.000000,-964533.523587,    0.000000,    0.000000,   39.643800,160645960.507371,    0.000000,    0.000000,    0.000000,    0.000000,    0.060461,   30.827563,   14.439010,   30.827563,4423233802822846.000000,-2366000733358956.000000,167575675342138.590000,-1024025293090318.500000,    0.000000,  100.000000,    0.308131,    7.452457,    2.184767,   48.250816,    0.429042,-9999.000000
2000-07-15 24:00:00,3652533139.501973,    0.000000,    0.000000,    0.000000,    0.000000,    0.000000,    0.000000,-1150684.834345,    0.000000,    0.000000,   39.636637,160638818.186849,    0.000000,    0.000000,    0.000000,    0.000000,    0.060538,   30.823054,   14.444813,   30.823054,4391899432328623.500000,-2822629898649120.500000,52192229569315.734000,-1167306294725248.700000,    0.000000,  100.000000,    0.077446,    1.989683,    1.128879,  346.816543,    0.392913,-9999.000000
2000-07-16 24:00:00,3651471819.584673,    0.000000,    0.000000,    0.000000,    0.000000,    0.000000,    0.000000,-1059212.282515,    0.000000,    0.000000,   39.630043,160632243.356311,    0.000000,    0.000000,    0.000000,    0.000000,    0.060620,   30.814462,   14.452405,   30.814462,4507690695052883.000000,-2598247729010265.000000,-2351760652456.885700,-1313212418761895.000000,    0.000000,  100.000000,    0.026344,    0.726932,    0.682342, 1226.094895,    0.260666,-9999.000000
2000-07-17 24:00:00,3650331199.948687,    0.000000,    0.000000,    0.000000,    0.000000,    0.000000,    0.000000,-1138306.369577,    0.000000,    0.000000,   39.622957,160625177.267480,    0.000000,    0.000000,    0.000000,    0.000000,    0.060708,   30.796148,   14.471875,   30.796148,4507826744311889.000000,-2792265524571814.000000,70908421619428.375000,-1228207951970296.000000,    0.000000,  100.000000,    0.105861,    2.681513,    1.310525,  233.823971,    0.433338,-9999.000000
2000-07-18 24:00:00,3648834421.437264,    0.000000,    0.000000,    0.000000,    0.000000,    0.000000,    0.000000,-1493667.163944,    0.000000,    0.000000,   39.613657,160615904.789969,    0.000000,    0.000000,    0.000000,    0.000000,    0.060801,   30.725793,   14.507419,   30.725793,4524618866247914.000000,-3663965553155824.000000,-43187555447886.422000,-1260038665704022.000000,    0.000000,  100.000000,    0.048331,    1.276064,    0.904048,  624.881475,    0.420727,-9999.000000
2000-07-19 24:00:00,3647808823.791007,    0.000000,    0.000000,    0.000000,    0.000000,    0.000000,    0.000000,-1023415.461338,    0.000000,    0.000000,   39.607285,160609551.257340,    0.000000,    0.000000,    0.000000,    0.000000,    0.060901,   30.761665,   14.523328,   30.761665,4055512290493427.500000,-2510438126663278.000000,77770125286556.875000,-1151395258997434.500000,    0.000000,  100.000000,    0.145115,    3.630937,    1.524982,  151.801431,    0.386958,-9999.000000
2000-07-20 24:00:00,3646884247.406885,    0.000000,    0.000000,    0.000000,    0.000000,    0.000000,    0.000000,-922574.584825,    0.000000,    0.000000,   39.601541,160603823.547018,    0.000000,    0.000000,    0.000000,    0.000000,    0.061006,   30.794839,   14.516987,   30.794839,4078749840836612.500000,-2263075456576273.000000,30945469244926.777000,-1226946366052804.000000,    0.000000,  100.000000,    0.047334,    1.251466,    0.895292,  641.116297,    0.386958,-9999.000000
2000-07-21 24:00:00,3645700628.293328,    0.000000,    0.000000,    0.000000,    0.000000,    0.000000,    0.000000,-1182770.214229,    0.000000,    0.000000,   39.594176,160596469.080393,    0.000000,    0.000000,    0.000000,    0.000000,    0.061116,   30.786521,   14.523180,   30.786521,4346760577511696.500000,-2901335335504294.500000,151471927502609.750000,-1178140480425281.000000,    0.000000,  100.000000,    0.064868,    1.682255,    1.038009,  439.857764,    0.386958,-9999.000000
2000-07-22 24:00:00,3644484403.580262,    0.000000,    0.000000,    0.000000,    0.000000,    0.000000,    0.000000,-1215775.142232,    0.000000,    0.000000,   39.586606,160588906.025194,    0.000000,    0.000000,    0.000000,    0.000000,    0.061232,   30.785004,   14.528400,   30.785004,4449293086447418.000000,-2982296423894329.000000,75346244234251.344000,-1245839316425168.700000,    6.362966,  100.000000,    0.063737,    1.654542,    1.029424,  450.397909,    0.412264,-9999.000000
2000-07-23 24:00:00,3643246314.240890,    0.000000,    0.000000,    0.000000,    0.000000,    0.000000,    0.000000,-1237572.763900,    0.000000,    0.000000,   39.578899,160581207.005502,    0.000000,    0.000000,    0.000000,    0.000000,    0.061354,   30.690021,   14.541071,   30.690021,4319597177061577.000000,-3035765989847203.000000,-23349802102982.594000,-1368756174665885.700000,    0.000000,  100.000000,    0.063524,    1.649331,    1.027802,  454.903421,    0.402217,-9999.000000
2000-07-24 24:00:00,3642340554.903221,    0.000000,    0.000000,    0.000000,    0.000000,    0.000000,    0.000000,-905343.250319,    0.000000,    0.000000,   39.573261,160575574.569494,    0.000000,    0.000000,    0.000000,    0.000000,    0.061482,   30.767912,   14.530344,   30.767912,4351215802622006.500000,-2220806993032926.000000,-42507046046554.906000,-1354121840246965.700000,    0.000000,  100.000000,    0.151487,    3.784141,    1.556822,  143.993816,    0.402217,-9999.000000
2000-07-25 24:00:00,3641676838.829537,    0.000000,    0.000000,    0.000000,    0.000000,    0.000000,    0.000000,-663390.789712,    0.000000,    0.000000,   39.569130,160571447.271925,    0.000000,    0.000000,    0.000000,    0.000000,    0.061614,   30.928130,   14.515747,   30.928130,4068479749596071.500000,-1627297607164374.500000,-21572284684504.617000,-1249688590197965.700000,    0.000000,  100.000000,    0.223002,    5.482809,    1.873946,   80.911501,    0.402217,-9999.000000
2000-07-26 24:00:00,3641044471.060329,    0.000000,    0.000000,    0.000000,    0.000000,    0.000000,    0.000000,-632041.992159,    0.000000,    0.000000,   39.565193,160567514.912802,    0.000000,    0.000000,    0.000000,    0.000000,    0.061753,   31.028532,   14.502422,   31.028532,3858785281849768.500000,-1550399006765455.500000,41814130476590.906000,-1111590794661258.400000,    0.000000,  100.000000,    0.217444,    5.352254,    1.851500,   84.189511,    0.402217,-9999.000000
2000-07-27 24:00:00,3640155650.084797,    0.000000,    0.000000,    0.000000,    0.000000,    0.000000,    0.000000,-888337.333553,    0.000000,    0.000000,   39.559661,160561987.807467,    0.000000,    0.000000,    0.000000,    0.000000,    0.061896,   31.035710,   14.499066,   31.035710,4178452076523861.500000,-2179091479205550.200000,136674606977469.690000,-1070619264607782.900000,    0.000000,  100.000000,    0.049511,    1.305169,    0.914300,  614.316686,    0.402217,-9999.000000
2000-07-28 24:00:00,3639476937.599378,    0.000000,    0.000000,    0.000000,    0.000000,    0.000000,    0.000000,-678322.513147,    0.000000,    0.000000,   39.555436,160557767.255182,    0.000000,    0.000000,    0.000000,    0.000000,    0.062045,   31.238434,   14.483665,   31.238434,4102757275868067.500000,-1663925124749795.200000,88131732185942.703000,-995189373206623.370000,    0.000000,  100.000000,    0.057168,    1.493476,    0.978035,  512.574180,    0.402217,-9999.000000
2000-07-29 24:00:00,3638869334.075822,    0.000000,    0.000000,    0.000000,    0.000000,    0.000000,    0.000000,-607239.092925,    0.000000,    0.000000,   39.551654,160553988.891745,    0.000000,    0.000000,    0.000000,    0.000000,    0.062199,   31.466135,   14.469229,   31.466135,4093036243667115.000000,-1489557494945118.700000,140128007698058.690000,-916831045506146.000000,    0.000000,  100.000000,    0.276076,    6.716787,    2.074131,   57.956760,    0.402217,-9999.000000
2000-07-30 24:00:00,3638260656.741063,    0.000000,    0.000000,    0.000000,    0.000000,    0.000000,    0.000000,-608297.873139,    0.000000,    0.000000,   39.547865,160550203.850845,    0.000000,    0.000000,    0.000000,    0.000000,    0.062359,   31.733844,   14.454522,   31.733844,3917367422472105.500000,-1492154682809464.500000,131815803009742.120000,-775638269017664.500000,    0.000000,  100.000000,    0.107388,    2.718544,    1.319543,  224.756269,    0.402217,-9999.000000
2000-07-31 24:00:00,3637317373.179025,    0.000000,    0.000000,    0.000000,    0.000000,    0.000000,    0.000000,-942667.999446,    0.000000,    0.000000,   39.541994,160544338.071626,    0.000000,    0.000000,    0.000000,    0.000000,    0.062524,   31.833567,   14.440497,   31.833567,3960388633009845.000000,-2312364602641922.000000,147528938431131.470000,-704694417309917.000000,    0.000000,  100.000000,    0.093975,    2.392491,    1.237886,  268.261951,    0.402217,-9999.000000
2000-08-01 24:00:00,3636115433.054642,    0.000000,    0.000000,    0.000000,    0.000000,    0.000000,    0.000000,-1201105.667252,    0.000000,    0.000000,   39.534512,160536863.844693,    0.000000,    0.000000,    0.000000,    0.000000,    0.062694,   31.646581,   14.431727,   31.646581,3907710367240677.500000,-2946312201768723.500000,17106304580077.689000,-1086783984548761.700000,    0.000000,  100.000000,    0.223231,    5.488037,    1.874839,   81.056289,    0.402217,-9999.000000
2000-08-02 24:00:00,3634831190.245355,    0.000000,    0.000000,    0.000000,    0.000000,    0.000000,    0.000000,-1283289.440595,    0.000000,    0.000000,   39.526518,160528877.821097,    0.000000,    0.000000,    0.000000,    0.000000,    0.062869,   31.524253,   14.436305,   31.524253,4009975869451504.000000,-3147908997778707.500000,63680713174839.078000,-1128810860374233.000000,    0.000000,  100.000000,    0.346431,    8.320660,    2.308524,   41.348051,    0.402217,-9999.000000
2000-08-03 24:00:00,3633401156.828817,    0.000000,    0.000000,    0.000000,    0.000000,    0.000000,    0.000000,-1428897.198046,    0.000000,    0.000000,   39.517617,160519985.203187,    0.000000,    0.000000,    0.000000,    0.000000,    0.063049,   31.499374,   14.430539,   31.499374,4319877114390253.500000,-3505084826805795.500000,28354703238000.500000,-1035937669947699.400000,    0.000000,  100.000000,    0.483591,   11.359286,    2.697310,   23.903354,    0.402217,-9999.000000
2000-08-04 24:00:00,3631645906.777793,    0.000000,    0.000000,    0.000000,    0.000000,    0.000000,    0.000000,-1753747.365904,    0.000000,    0.000000,   39.506691,160509070.235844,    0.000000,    0.000000,    0.000000,    0.000000,    0.063234,   31.362583,   14.433397,   31.362583,4326776300464760.000000,-4301942288563730.000000,53636468547968.016000,-1046253349169992.000000,    0.000000,  100.000000,    0.484116,   11.370565,    2.698649,   23.973745,    0.402217,-9999.000000
2000-08-05 24:00:00,3630383527.096036,    0.000000,    0.000000,    0.000000,    0.000000,    0.000000,    0.000000,-1261579.282987,    0.000000,    0.000000,   39.498831,160501215.731980,    0.000000,    0.000000,    0.000000,    0.000000,    0.063425,   31.334997,   14.436450,   31.334997,4277401597065135.500000,-3094653981167283.500000,-17165904139980.588000,-1242530881452710.200000,    0.000000,  100.000000,    0.010128,    0.299936,    0.438298, 3407.041981,    0.402217,-9999.000000
2000-08-06 24:00:00,3629566121.839507,    0.000000,    0.000000,    0.000000,    0.000000,    0.000000,    0.000000,-818168.250770,    0.000000,    0.000000,   39.493733,160496113.382112,    0.000000,    0.000000,    0.000000,    0.000000,    0.063620,   31.414845,   14.431556,   31.414845,4105849332439624.000000,-2006966719138974.500000,28506912744339.645000,-1186319542099993.200000,    0.000000,  100.000000,    0.229018,    5.623520,    1.897840,   79.066734,    0.402217,-9999.000000
2000-08-07 24:00:00,3628697386.831707,    0.000000,    0.000000,    0.000000,    0.000000,    0.000000,    0.000000,-869517.544700,    0.000000,    0.000000,   39.488316,160490690.625265,    0.000000,    0.000000,    0.000000,    0.000000,    0.063820,   31.458552,   14.429786,   31.458552,4012849325573132.000000,-2132926537149276.200000,17970918572349.738000,-1174716407753736.000000,    0.000000,  100.000000,    0.055449,    1.451240,    0.964107,  540.386659,    0.402217,-9999.000000
2000-08-08 24:00:00,3627527365.802626,    0.000000,    0.000000,    0.000000,    0.000000,    0.000000,    0.000000,-1171029.001032,    0.000000,    0.000000,   39.481019,160483387.201908,    0.000000,    0.000000,    0.000000,    0.000000,    0.064024,   31.423389,   14.446432,   31.423389,4064281596302683.000000,-2872534139531362.500000,53333134300111.617000,-1181426150459339.000000,    0.000000,  100.000000,    0.126123,    3.172496,    1.425463,  188.436163,    0.407742,-9999.000000
2000-08-09 24:00:00,3626018385.522892,    0.000000,    0.000000,    0.000000,    0.000000,    0.000000,    0.000000,-1510202.697883,    0.000000,    0.000000,   39.471608,160473967.950846,    0.000000,    0.000000,    0.000000,    0.000000,    0.064234,   31.299060,   14.471371,   31.299060,4255926502398383.500000,-3704527217907441.000000,43067519368165.906000,-1220681377796329.800000,    0.000000,  100.000000,    0.049897,    1.314640,    0.917611,  617.874143,    0.330591,-9999.000000
2000-08-10 24:00:00,3624773612.135442,    0.000000,    0.000000,    0.000000,    0.000000,    0.000000,    0.000000,-1245714.107877,    0.000000,    0.000000,   39.463845,160466197.913551,    0.000000,    0.000000,    0.000000,    0.000000,    0.064448,   31.201462,   14.494642,   31.201462,4160569302227815.000000,-3055736706621688.500000,-68517761670126.016000,-1347320788403779.500000,    0.000000,  100.000000,    0.133743,    3.356609,    1.466243,  175.577748,    0.300418,-9999.000000
2000-08-11 24:00:00,3623591575.667677,    0.000000,    0.000000,    0.000000,    0.000000,    0.000000,    0.000000,-1182873.808249,    0.000000,    0.000000,   39.456474,160458819.488263,    0.000000,    0.000000,    0.000000,    0.000000,    0.064667,   31.157188,   14.507717,   31.157188,3989375047265591.000000,-2901589451634980.500000,-58999110882785.117000,-1330409774373175.200000,    0.000000,  100.000000,    0.096676,    2.458155,    1.254758,  272.730433,    0.336732,-9999.000000
2000-08-12 24:00:00,3622459635.663651,    0.000000,    0.000000,    0.000000,    0.000000,    0.000000,    0.000000,-1132690.901989,    0.000000,    0.000000,   39.449414,160451753.771615,    0.000000,    0.000000,    0.000000,    0.000000,    0.064890,   31.122956,   14.522116,   31.122956,3911128146681045.500000,-2778490782579663.000000,-10066435302156.551000,-1263590725850709.200000,    0.000000,  100.000000,    0.143690,    3.596420,    1.517716,  159.144275,    0.499077,-9999.000000
2000-08-13 24:00:00,3621229930.241438,    0.000000,    0.000000,    0.000000,    0.000000,    0.000000,    0.000000,-1230464.464930,    0.000000,    0.000000,   39.441746,160444077.790518,    0.000000,    0.000000,    0.000000,    0.000000,    0.065118,   31.056367,   14.541610,   31.056367,3582507129087776.000000,-3018329332472063.000000,25946142788896.937000,-1111530619768497.400000,    0.000000,  100.000000,    0.019022,    0.538280,    0.587164, 1806.356202,    0.412193,-9999.000000
2000-08-14 24:00:00,3620484212.045728,    0.000000,    0.000000,    0.000000,    0.000000,    0.000000,    0.000000,-746149.465136,    0.000000,    0.000000,   39.437095,160439422.920602,    0.000000,    0.000000,    0.000000,    0.000000,    0.065350,   31.133484,   14.530099,   31.133484,3888436702954165.500000,-1830304637979339.000000,-8809099104442.744100,-1227250539457614.000000,    0.000000,  100.000000,    0.113894,    2.876317,    1.357294,  219.049104,    0.412193,-9999.000000
2000-08-15 24:00:00,3619803535.876815,    0.000000,    0.000000,    0.000000,    0.000000,    0.000000,    0.000000,-681050.931030,    0.000000,    0.000000,   39.432850,160435174.051474,    0.000000,    0.000000,    0.000000,    0.000000,    0.065587,   31.192613,   14.521199,   31.192613,3713869239162995.000000,-1670617933815524.200000,10790297097854.488000,-1202431755259619.700000,    0.000000,  100.000000,    0.320572,    7.734344,    2.225703,   47.659893,    0.412193,-9999.000000
2000-08-16 24:00:00,3618546256.623629,    0.000000,    0.000000,    0.000000,    0.000000,    0.000000,    0.000000,-1257924.304810,    0.000000,    0.000000,   39.425009,160427325.950939,    0.000000,    0.000000,    0.000000,    0.000000,    0.065827,   31.135323,   14.522919,   31.135323,3516513875641201.500000,-3085688319699056.000000,-26346966198084.230000,-1072607250199397.200000,    0.000000,  100.000000,    0.212624,    5.238366,    1.831696,   89.813545,    0.412193,-9999.000000
2000-08-17 24:00:00,3617710317.221889,    0.000000,    0.000000,    0.000000,    0.000000,    0.000000,    0.000000,-836334.129335,    0.000000,    0.000000,   39.419796,160422107.908528,    0.000000,    0.000000,    0.000000,    0.000000,    0.066072,   31.169701,   14.517658,   31.169701,3680844351266675.000000,-2051527619259752.700000,48970076603008.141000,-1106585689502874.700000,    0.000000,  100.000000,    0.160805,    4.007446,    1.602099,  135.532102,    0.412193,-9999.000000
2000-08-18 24:00:00,3616833800.087422,    0.000000,    0.000000,    0.000000,    0.000000,    0.000000,    0.000000,-876902.081818,    0.000000,    0.000000,   39.414330,160416636.574634,    0.000000,    0.000000,    0.000000,    0.000000,    0.066322,   31.159824,   14.525601,   31.159824,3655015032677353.000000,-2151040806699071.700000,51973785988467.445000,-1157336089782515.000000,    0.000000,  100.000000,    0.075981,    1.953829,    1.118662,  374.126675,    0.412193,-9999.000000
2000-08-19 24:00:00,3615849672.046958,    0.000000,    0.000000,    0.000000,    0.000000,    0.000000,    0.000000,-984524.789856,    0.000000,    0.000000,   39.408192,160410493.519476,    0.000000,    0.000000,    0.000000,    0.000000,    0.066575,   31.151770,   14.537209,   31.151770,3785970952986454.500000,-2415039309516577.000000,12013979248209.457000,-1238923002641868.200000,    0.000000,  100.000000,    0.021321,    0.598046,    0.618903, 1611.882292,    0.412193,-9999.000000
2000-08-20 24:00:00,3614961212.639839,    0.000000,    0.000000,    0.000000,    0.000000,    0.000000,    0.000000,-888785.031257,    0.000000,    0.000000,   39.402651,160404947.640364,    0.000000,    0.000000,    0.000000,    0.000000,    0.066832,   31.147073,   14.529443,   31.147073,3797535561908418.000000,-2180189681674125.500000,-38779868611067.219000,-1305849027728238.000000,    0.000000,  100.000000,    0.083830,    2.145293,    1.172192,  331.366156,    0.747252,-9999.000000
2000-08-21 24:00:00,3614173583.393843,    0.000000,    0.000000,    0.000000,    0.000000,    0.000000,    0.000000,-788579.401498,    0.000000,    0.000000,   39.397735,160400022.524889,    0.000000,    0.000000,    0.000000,    0.000000,    0.067093,   31.183911,   14.520843,   31.183911,3700212027871025.000000,-1934385271875188.700000,-24062226043411.336000,-1293614123985603.000000,    1.479590,  100.000000,    0.014567,    0.420592,    0.519022, 2396.371396,    0.747252,-9999.000000
2000-08-22 24:00:00,3613138995.218187,    0.000000,    0.000000,    0.000000,    0.000000,    0.000000,    0.000000,-1036858.660663,    0.000000,    0.000000,   39.391271,160393539.855588,    0.000000,    0.000000,    0.000000,    0.000000,    0.067358,   31.118074,   14.541057,   31.118074,3547548096293866.500000,-2543414294605446.500000,61342557255896.141000,-1128354345924195.000000,    0.000000,  100.000000,    0.048513,    1.280496,    0.905617,  648.634809,    0.277180,-9999.000000
2000-08-23 24:00:00,3611919049.122502,    0.000000,    0.000000,    0.000000,    0.000000,    0.000000,    0.000000,-1222570.074157,    0.000000,    0.000000,   39.383648,160385895.744347,    0.000000,    0.000000,    0.000000,    0.000000,    0.067627,   31.092643,   14.565233,   31.092643,3754727647509756.500000,-2998964391906785.000000,134225802415471.470000,-1120376890566786.000000,    0.225634,  100.000000,    0.036684,    0.987241,    0.795183,  893.538767,    0.277180,-9999.000000
2000-08-24 24:00:00,3610978848.060949,    0.000000,    0.000000,    0.000000,    0.000000,    0.000000,    0.000000,-942183.255351,    0.000000,    0.000000,   39.377774,160380004.499210,    0.000000,    0.000000,    0.000000,    0.000000,    0.067899,   31.105969,   14.562158,   31.105969,3788502622213237.000000,-2311175525376497.500000,3656938014370.527300,-1246519370486354.700000,    0.000000,  100.000000,    0.120446,    3.035018,    1.394235,  205.142433,    0.277180,-9999.000000
2000-08-25 24:00:00,3610109677.632989,    0.000000,    0.000000,    0.000000,    0.000000,    0.000000,    0.000000,-870971.874572,    0.000000,    0.000000,   39.372343,160374558.327889,    0.000000,    0.000000,    0.000000,    0.000000,    0.068175,   31.103224,   14.561028,   31.103224,3547201022908044.500000,-2136494008326311.500000,3131091345477.079100,-1184665151320732.000000,    0.000000,  100.000000,    0.030211,    0.824888,    0.726863, 1111.576115,    0.601118,-9999.000000
2000-08-26 24:00:00,3609343912.725685,    0.000000,    0.000000,    0.000000,    0.000000,    0.000000,    0.000000,-767327.906677,    0.000000,    0.000000,   39.367558,160369760.089544,    0.000000,    0.000000,    0.000000,    0.000000,    0.068454,   31.177756,   14.549965,   31.177756,3705514754529075.000000,-1882255355077969.500000,106938602146990.770000,-1124055354024383.400000,    0.000000,  100.000000,    0.023313,    0.649380,    0.644919, 1470.805815,    0.651048,-9999.000000
2000-08-27 24:00:00,3608310959.101062,    0.000000,    0.000000,    0.000000,    0.000000,    0.000000,    0.000000,-1035025.486331,    0.000000,    0.000000,   39.361104,160363287.662244,    0.000000,    0.000000,    0.000000,    0.000000,    0.068737,   31.148531,   14.558772,   31.148531,3861646314135235.500000,-2538917517969671.500000,41273893814753.234000,-1237822007314559.500000,    1.265586,  100.000000,    0.050679,    1.333891,    0.924306,  618.837488,    0.404535,-9999.000000
2000-08-28 24:00:00,3607019212.246763,    0.000000,    0.000000,    0.000000,    0.000000,    0.000000,    0.000000,-1294279.750993,    0.000000,    0.000000,   39.353033,160355193.651628,    0.000000,    0.000000,    0.000000,    0.000000,    0.069023,   31.088146,   14.562763,   31.088146,3741451399776014.500000,-3174868229184608.500000,52593109769548.031000,-1254137429084328.700000,    0.000000,  100.000000,    0.023304,    0.649150,    0.644804, 1476.434357,    0.637411,-9999.000000
2000-08-29 24:00:00,3605976905.947285,    0.000000,    0.000000,    0.000000,    0.000000,    0.000000,    0.000000,-1044302.187697,    0.000000,    0.000000,   39.346521,160348662.621013,    0.000000,    0.000000,    0.000000,    0.000000,    0.069313,   31.055648,   14.552785,   31.055648,3826241954866023.000000,-2561673266420801.000000,382277595347.102050,-1308120295327566.500000,    0.000000,  100.000000,    0.080501,    2.064096,    1.149795,  350.744763,    0.544786,-9999.000000
